EndDate,InstitutionID,InstitutionName,IsListed,BusinessSymbol,Rank,Fullname,Position
2020-11-25,10608186,广船国际有限公司,N,,1,李柱桂,监事
2020-11-25,10608186,广船国际有限公司,N,,2,陈忠前,董事长
2020-11-25,10608186,广船国际有限公司,N,,3,陈激,董事兼总经理
2020-11-25,10608186,广船国际有限公司,N,,4,麦荣枝,董事
2020-11-25,10608186,广船国际有限公司,N,,5,陈少龙,监事
2020-11-25,10608186,广船国际有限公司,N,,6,陈利平,董事
2020-11-25,10608186,广船国际有限公司,N,,7,杨力,董事
2020-11-25,10608186,广船国际有限公司,N,,8,东志诚,监事
2020-11-25,10600125,湖南瀚洋环保科技有限公司,N,,1,沈坚,董事
2020-11-25,10600125,湖南瀚洋环保科技有限公司,N,,2,梅劲枝,董事
2020-11-25,10600125,湖南瀚洋环保科技有限公司,N,,3,周莉华,监事
2020-11-25,10600125,湖南瀚洋环保科技有限公司,N,,4,李浩文,总经理
2020-11-25,10600125,湖南瀚洋环保科技有限公司,N,,5,王海明,董事长
2020-11-25,10600125,湖南瀚洋环保科技有限公司,N,,7,LUC ZELLER,董事
2020-11-25,10600125,湖南瀚洋环保科技有限公司,N,,8,XIAOHUA ZHOU,董事
2020-11-25,10600125,湖南瀚洋环保科技有限公司,N,,6,黄珞,监事
2020-11-25,10427076,国网天津市电力公司,N,,8,邓顺平,监事会主席
2020-11-25,10427076,国网天津市电力公司,N,,3,施学谦,董事
2020-11-25,10427076,国网天津市电力公司,N,,2,李森,监事
2020-11-25,10427076,国网天津市电力公司,N,,1,赵亮,董事长
2020-11-25,10427076,国网天津市电力公司,N,,4,周建,董事
2020-11-25,10427076,国网天津市电力公司,N,,5,李俊,监事
2020-11-25,10427076,国网天津市电力公司,N,,6,韩冰,"董事,总经理"
2020-11-25,10427076,国网天津市电力公司,N,,7,郑林,董事
2020-11-25,10515844,华北制药股份有限公司物资供应分公司,N,,1,林长付,负责人
2020-11-25,10427356,厦门石材商品运营中心有限公司,N,,3,陈小玲,监事
2020-11-25,10518227,厦门耐德电气有限公司,N,,2,朱雅莉,董事
2020-11-25,10518277,厦门育泰贸易有限公司,N,,1,赵惠真,监事
2020-11-25,10518263,厦门象屿化工有限公司,N,,1,张军田,经理
2020-11-25,10518266,厦门象屿物流集团有限责任公司,N,,4,邓启东,董事长
2020-11-25,10408436,厦门轨道交通集团有限公司,N,,2,方耀民,董事
2020-11-25,10408436,厦门轨道交通集团有限公司,N,,10,张建军,董事
2020-11-25,10257784,厦门金龙旅行车有限公司,N,,4,张瑾瑾,监事
2020-11-25,10257790,厦门金龙联合汽车工业有限公司,N,,3,陈昕,监事
2020-11-25,106377,厦门钨业股份有限公司,Y,600549,1,深谷芳竹,监事
2020-11-25,106377,厦门钨业股份有限公司,Y,600549,9,侯孝亮,董事
2020-11-25,106377,厦门钨业股份有限公司,Y,600549,16,许继松,监事
2020-11-25,10517999,厦门鸿锦盛建设工程有限公司,N,,2,陈亚江,执行董事兼总经理
2020-11-25,106341,双良节能系统股份有限公司,Y,600481,6,缪双大,董事
2020-11-25,10519720,双钱轮胎集团有限公司,N,,2,李爱敏,董事
2020-11-25,10519719,双钱集团上海供销有限公司,N,,2,周冰,董事
2020-11-25,10137004,台山核电合营有限公司,N,,1,FABRICE FOURCADE,副董事长
2020-11-25,10137004,台山核电合营有限公司,N,,13,余绍华,监事
2020-11-25,10522693,台州元合建设发展有限公司,N,,6,杨学成,董事
2020-11-25,10372430,台州市一铭医药化工有限公司,N,,2,宁拥军,"董事长,经理"
2020-11-25,10522666,台州市椒江鲜花港农林旅游开发有限公司,N,,1,王世敏,监事
2020-11-25,10522636,台玻东海玻璃有限公司,N,,2,林伯丰,董事
2020-11-25,10522637,台玻咸阳玻璃有限公司,N,,3,林嘉明,监事
2020-11-25,101971,史丹利农业集团股份有限公司,Y,002588,2,高进华,董事兼总经理
2020-11-25,10514848,合肥万达城投资有限公司,N,,2,张赟,监事
2020-11-25,10276393,合肥京东方光电科技有限公司,N,,3,刘志强,董事兼总经理
2020-11-25,10515481,合肥京东方显示技术有限公司,N,,5,许靖,监事
2020-11-25,10515477,合肥国清环保工程技术有限公司,N,,1,陈杰,监事
2020-11-25,10515389,合肥宝勋体育用品商贸有限公司,N,,3,林涛,董事长兼总经理
2020-11-25,10515480,合肥建工装饰工程有限责任公司,N,,2,卫先嘉,执行董事兼总经理
2020-11-25,10515479,合肥恒毅机械设备有限公司,N,,2,潘毅,执行董事兼总经理
2020-11-25,101817,合肥百货大楼集团股份有限公司,Y,000417,3,刘浩,董事长
2020-11-25,101817,合肥百货大楼集团股份有限公司,Y,000417,10,方福前,董事
2020-11-25,10109768,合肥禾盛新型材料有限公司,N,,1,梁旭,总经理
2020-11-25,10514849,合肥远发信息科技有限责任公司,N,,3,代忠芬,监事
2020-11-25,105342,合肥鑫城国有资产经营有限公司,N,,1,莫坤秀,监事
2020-11-25,10517073,南京邦奇自动变速箱有限公司,N,,4,陈贵鹏,董事
2020-11-25,105807,南京钢铁股份有限公司,Y,600282,6,应文禄,董事
2020-11-25,10315646,宁夏启元药业有限公司,N,,1,张伟,董事
2020-11-25,10315646,宁夏启元药业有限公司,N,,7,吴永明,董事长
2020-11-25,10517443,宁夏大唐国际大坝发电有限责任公司,N,,4,李日龙,董事长
2020-11-25,10517473,宁夏天源达房地产开发有限公司,N,,2,张海龙,执行董事
2020-11-25,105664,宁夏宝丰能源集团股份有限公司,Y,600989,7,梁龙虎,董事
2020-11-25,10517468,宁夏尚富宁工贸有限公司,N,,1,易欣,监事
2020-11-25,10517444,宁夏德远实业发展有限公司,N,,1,鲍钢,监事
2020-11-25,10517478,宁夏振岭化工有限公司,N,,5,张汉武,董事
2020-11-25,10517479,宁夏正元酒店管理有限公司,N,,5,董家麟,董事
2020-11-25,10517471,宁夏水务投资集团有限公司,N,,6,李立志,董事
2020-11-25,10517465,宁夏沙泉葡萄酿酒有限公司,N,,6,孙立波,监事
2020-11-25,10517459,宁夏灵宝化工有限公司,N,,7,孙尚兴,监事
2020-11-25,10519062,山东新龙集团有限公司,N,,5,丁培杰,董事
2020-11-25,10518288,山东昌邑石化有限公司,N,,3,张树生,董事长兼总经理
2020-11-25,10518291,山东晨鸣纸业销售有限公司,N,,1,李峰,经理
2020-11-25,10107789,山东朗晖石油化学股份有限公司,N,,4,王晔,董事
2020-11-25,10518314,山东枫叶国际贸易发展有限公司,N,,3,刘树森,执行董事
2020-11-25,10519085,山东正元矿业有限公司,N,,4,邵先敏,董事长
2020-11-25,10519079,山东永胜建设集团有限公司,N,,3,王峰,董事兼总经理
2020-11-25,10518351,山东汇丰铸造科技股份有限公司,N,,1,周长猛,监事长
2020-11-25,10519056,山东沃林重工机械有限公司,N,,1,孟坤,监事
2020-11-25,10519056,山东沃林重工机械有限公司,N,,9,褚红林,董事
2020-11-25,10519035,山东泰安交通运输集团有限公司,N,,3,李强,董事
2020-11-25,10519035,山东泰安交通运输集团有限公司,N,,11,邢介叁,监事
2020-11-25,10519040,山东泰山粮食储备集团有限公司,N,,5,赵平明,董事
2020-11-25,10372453,山东泰山钢铁集团有限公司,N,,3,张涛,监事
2020-11-25,10519037,山东泰开变压器有限公司,N,,2,冯丽,监事
2020-11-25,10519037,山东泰开变压器有限公司,N,,10,郇正军,监事
2020-11-25,10519037,山东泰开变压器有限公司,N,,18,蔡韬远,董事
2020-11-25,10519038,山东泰开成套电器有限公司,N,,8,刘博,董事
2020-11-25,10519038,山东泰开成套电器有限公司,N,,16,李磊,监事
2020-11-25,10393378,广东瑞普科技股份有限公司,N,,6,廖敏,监事
2020-11-25,10513561,广东电白建设集团有限公司,N,,2,廖国维,监事
2020-11-25,10317912,广东电网有限责任公司,N,,6,贺金生,董事
2020-11-25,10513562,广东电网有限责任公司东莞供电局,N,,1,雷烈波,负责人
2020-11-25,10513563,广东电网有限责任公司惠州大亚湾供电局,N,,3,李永新,负责人
2020-11-25,10513958,广东省中科进出口有限公司,N,,6,肖维良,监事会主席
2020-11-25,10479842,广东省北江航道开发投资有限公司,N,,5,林益恭,"董事,总经理"
2020-11-25,10317924,广东省广代思博报堂广告有限公司,N,,6,浅原伸五,董事
2020-11-25,10513955,广东省民用爆破器材有限公司,N,,2,熊炯,监事
2020-11-25,10513956,广东省水利水电第三工程局有限公司,N,,9,廖洪金,监事
2020-11-25,10439275,广东省电力工业燃料有限公司,N,,8,蔡勤城,总经理
2020-11-25,105722,广东省能源集团有限公司,N,,1,李彦旭,董事
2020-11-25,105722,广东省能源集团有限公司,N,,8,赖树川,职工监事
2020-11-25,10513960,广东穗方源实业有限公司,N,,2,陈晓鸿,执行董事
2020-11-25,10513983,广东粤港供水有限公司,N,,7,逄玲,监事
2020-11-25,10439820,广东粤电云河发电有限公司,N,,5,罗敏健,监事
2020-11-25,10373374,广东紫晶信息存储技术股份有限公司,N,,1,杨思维,职工代表监事
2020-11-25,10512963,成渝钒钛科技有限公司,N,,4,王劲,董事长
2020-11-25,10512963,成渝钒钛科技有限公司,N,,10,陈菲,监事
2020-11-25,10512957,成都中住光纤有限公司,N,,6,彭晓莉,监事
2020-11-25,10512956,成都中达电气信号设备有限公司,N,,2,陈开菊,监事
2020-11-25,101958,成都云图控股股份有限公司,Y,002539,3,孙晓霆,监事
2020-11-25,10512953,成都云腾智创信息技术有限公司,N,,2,陈象,执行董事兼总经理
2020-11-25,10512797,成都交投建筑工业化有限公司,N,,7,刘育江,董事
2020-11-25,10512796,成都交通油料能源股份有限公司,N,,5,李军,董事
2020-11-25,10311987,成都京东方光电科技有限公司,N,,5,杨国波,董事兼总经理
2020-11-25,10512793,成都冀物金贸易有限公司,N,,1,孙继承,执行董事兼总经理
2020-11-25,10512784,成都华西化工科技股份有限公司,N,,5,侯世杰,董事长兼总经理
2020-11-25,10512808,成都南车联发铁路配件有限公司,N,,1,安晓斌,董事兼总经理
2020-11-25,10512762,成都博乾金属材料有限公司,N,,1,纪玲玲,监事
2020-11-25,10512789,成都吉泓服装有限公司,N,,1,李勇,监事
2020-11-25,10512851,成都同人华塑建材有限公司,N,,3,李冬,监事
2020-11-25,10452021,成都嘉纳海威科技有限责任公司,N,,8,陈鑫,董事长
2020-11-25,10512842,成都四威高科技产业园有限公司,N,,6,刘茂辉,董事
2020-11-25,10106645,成都国光电气股份有限公司,Y,688776,8,刘冬梅,监事
2020-11-25,10517446,宁夏电投新能源有限公司,N,,7,刘志方,董事兼总经理
2020-11-25,10517441,宁夏艾普斯机电设备有限公司,N,,2,孙培婷,执行董事兼总经理
2020-11-25,10517456,宁夏金昱元能源化学有限公司,N,,1,张盘山,监事
2020-11-25,10517475,宁夏银星发电有限责任公司,N,,7,陈统钱,副董事长
2020-11-25,10517477,宁夏长合久盈工贸有限公司,N,,3,叶萌,执行董事
2020-11-25,10406012,宁德时代新能源科技股份有限公司,Y,300750,2,蔡秀玲,董事
2020-11-25,10406012,宁德时代新能源科技股份有限公司,Y,300750,11,潘健,副董事长
2020-11-25,10517262,宁波万泽微测环境科技股份有限公司,N,,6,何跃恩,监事
2020-11-25,10210577,宁波世茂铜业股份有限公司,N,,6,姚秋仙,监事
2020-11-25,10132689,宁波东方电缆股份有限公司,Y,603606,6,夏崇耀,董事长
2020-11-25,10514823,杭州杭港地铁五号线有限公司,N,,7,邵剑明,董事长
2020-11-25,10515271,杭州柯基网络科技有限公司,N,,3,谢一舟,监事
2020-11-25,10515350,杭州永恒钢结构有限公司,N,,1,丁利文,执行董事兼总经理
2020-11-25,10514822,杭州汉德质量认证服务有限公司,N,,3,Jun Wan-Ren,董事长兼总经理
2020-11-25,102440,杭州海康威视数字技术股份有限公司,Y,002415,5,徐礼荣,监事
2020-11-25,10514819,杭州海康威视数字技术股份有限公司北京分公司,N,,1,安炳明,负责人
2020-11-25,10427201,杭州港华燃气有限公司,N,,3,马锁平,董事
2020-11-25,10376553,杭州澳亚生物技术有限公司,N,,4,徐新文,董事
2020-11-25,10186239,杭州热联集团股份有限公司,N,,7,厉益,监事
2020-11-25,10514667,杭州班王建筑劳务有限公司,N,,2,郝东,监事
2020-11-25,10125753,江苏省华建建设股份有限公司,N,,5,王琳,监事
2020-11-25,10125753,江苏省华建建设股份有限公司,N,,12,刘德,监事
2020-11-25,10125753,江苏省华建建设股份有限公司,N,,20,曹德荣,董事
2020-11-25,10333822,江苏省天然气有限公司,N,,8,刘建忠,监事主席
2020-11-25,10516119,江苏省江天建设工程有限公司,N,,7,顾方忠,监事
2020-11-25,10516101,江苏省江建集团有限公司,N,,7,董明阳,监事
2020-11-25,10516161,江苏省苏中建设集团股份有限公司,N,,2,朱晓强,董事
2020-11-25,10516162,江苏省通顺园艺有限公司,N,,2,邵炳杰,监事
2020-11-25,10333851,江苏石川岛丰东真空技术有限公司,N,,5,季祥,监事
2020-11-25,10515654,江苏稻草熊影业有限公司,N,,1,何麦,监事
2020-11-25,10515919,江苏空间新盛建设工程有限公司,N,,5,徐海东,董事长
2020-11-25,10102128,江苏立霸实业股份有限公司,Y,603519,5,蔡卫华,董事
2020-11-25,10409329,江苏网进科技股份有限公司,Y,873742,4,汤晓新,董事
2020-11-25,10409329,江苏网进科技股份有限公司,Y,873742,11,陈靖,监事
2020-11-25,10516175,江苏腾顺广康能源有限公司,N,,1,牛清华,"执行董事,总经理"
2020-11-25,10208978,江苏舜天国际集团机械进出口有限公司,N,,7,张翼,监事
2020-11-25,10113844,江苏舜天泰科服饰有限公司,N,,4,陆云伟,董事兼总经理
2020-11-25,10382798,江苏苏力机械股份有限公司,N,,3,郭杰,董事兼总经理
2020-11-25,10201197,河南华通电缆股份有限公司,N,,2,史林海,副董事长
2020-11-25,10514973,河南嘉源铝业有限公司,N,,1,赵金坡,执行董事兼总经理
2020-11-25,10515018,河南圣达有色金属股份有限公司,N,,6,高波,董事
2020-11-25,105931,河南大有能源股份有限公司,Y,600403,7,郭亮,董事
2020-11-25,105931,河南大有能源股份有限公司,Y,600403,13,刘伟,董事
2020-11-25,10375839,河南天成环保科技股份有限公司,Y,837146,2,刘战宇,董事兼总经理
2020-11-25,10514956,河南奥鑫合金有限公司,N,,4,程国贤,监事
2020-11-25,10514993,河南平原同力建材有限公司,N,,1,马兴永,监事
2020-11-25,10325211,河南平宝煤业有限公司,N,,3,王启山,监事
2020-11-25,10514992,河南平高通用电气有限公司,N,,1,宋宏乐,监事
2020-11-25,10514964,河南广瑞汽车部件股份有限公司,N,,7,李文宝,董事
2020-11-25,10514983,河南开瑞铝业有限公司,N,,1,丁西霞,监事
2020-11-25,10515026,河南新世界国际旅行社有限公司,N,,1,刘霞,执行董事兼总经理
2020-11-25,105901,河南明泰铝业股份有限公司,Y,601677,4,李会晓,监事
2020-11-25,10514977,河南晋鑫晟贸易有限公司,N,,1,牛维维,监事
2020-11-25,10514996,河南森源光伏构件有限公司,N,,2,郭嘉强,监事
2020-11-25,102368,河南森源电气股份有限公司,Y,002358,7,黄宾,董事
2020-11-25,102368,河南森源电气股份有限公司,Y,002358,14,陈翔宇,董事
2020-11-25,10514997,河南森远路桥工程有限公司,N,,1,王来继,董事
2020-11-25,10120935,深圳市思贝克工业发展有限公司,N,,1,林英,监事
2020-11-25,102605,深圳市怡亚通供应链股份有限公司,Y,002183,7,李罗力,董事
2020-11-25,10518841,深圳市恒鸿基建材有限公司,N,,2,刘江春,监事
2020-11-25,10381921,深圳市捷视飞通科技股份有限公司,N,,2,王琰,监事
2020-11-25,10381921,深圳市捷视飞通科技股份有限公司,N,,9,蒋延春,董事长
2020-11-25,10144234,深圳市斯盛能源股份有限公司,N,,3,吴小雄,董事
2020-11-25,10518972,深圳市新万兴实业有限公司,N,,2,舒小润,董事长
2020-11-25,10518917,深圳市明之辉建设工程有限公司,N,,2,李维关,监事
2020-11-25,10122214,深圳市易达恒通供应链管理有限公司,N,,4,范伟民,董事
2020-11-25,10518980,深圳市星河房地产开发有限公司,N,,6,庄宝珍,监事
2020-11-25,10518882,深圳市晶宫设计装饰工程有限公司,N,,2,高允彬,董事长
2020-11-25,10448476,深圳市智慧易德能源装备有限公司,N,,1,KIM HAN JUN,"董事,总经理"
2020-11-25,103915,深圳市朗科科技股份有限公司,Y,300042,1,邓国顺,董事
2020-11-25,103915,深圳市朗科科技股份有限公司,Y,300042,9,宋欣,董事
2020-11-25,10518866,深圳市机场保安服务有限公司,N,,1,王砚溢,监事
2020-11-25,10318476,深圳市机场空港设备维修有限公司,N,,6,向华,监事
2020-11-25,10515304,杭州盛锋网络科技有限公司,N,,2,钱小玲,监事
2020-11-25,10376559,杭州福斯达深冷装备股份有限公司,Y,603173,3,葛水福,董事长
2020-11-25,10515347,杭州耀邦建筑劳务有限公司,N,,2,袁林建,监事
2020-11-25,10515337,杭州芯测科技有限公司,N,,3,杨良春,董事长
2020-11-25,10515333,杭州萧山光大煤炭物资有限公司,N,,1,周国强,执行董事
2020-11-25,10515275,杭州蓝特信息技术有限公司,N,,4,郭天友,副董事长
2020-11-25,10506873,杭州西湖城市建设投资集团有限公司,N,,3,黄天明,董事
2020-11-25,10515305,杭州诗董科技有限公司,N,,2,徐涵晨,执行董事
2020-11-25,10453869,杭州郝姆斯食品有限公司,N,,1,邱浩群,董事长
2020-11-25,10515267,杭州金庆空分设备有限公司,N,,1,许保海,执行董事兼总经理
2020-11-25,10104969,杭州钢铁集团有限公司,N,,2,殳黎平,董事
2020-11-25,10104969,杭州钢铁集团有限公司,N,,9,林亮,董事兼总经理
2020-11-25,10109023,杭州高新橡塑材料股份有限公司,Y,300478,2,吕俊钦,董事
2020-11-25,10392689,陕西榆林能源集团榆神煤电有限公司,N,,4,康波,监事
2020-11-25,10517879,陕西永合矿山建设有限公司,N,,1,陈永伟,执行董事兼总经理
2020-11-25,10349664,陕西液化天然气投资发展有限公司,N,,6,闫禹衡,董事
2020-11-25,10517779,陕西煤业化工国际物流有限责任公司上海分公司,N,,1,孟永刚,其他人员
2020-11-25,10517871,陕西现代医药有限公司,N,,1,张晓璇,执行董事兼总经理
2020-11-25,10131346,陕西瑞科新材料股份有限公司,Y,430428,7,鞠丛慧,董事
2020-11-25,10517789,陕西省地方电力定边能源有限公司,N,,8,张玉堂,董事
2020-11-25,10350396,陕西神木化学工业有限公司,N,,5,郭子荣,监事
2020-11-25,10350396,陕西神木化学工业有限公司,N,,13,马安平,董事
2020-11-25,10517785,陕西秦邦环保科技股份有限公司,N,,4,刘宇,监事
2020-11-25,10517782,陕西米禾供应链管理股份有限公司,N,,5,董志辉,董事
2020-11-25,10102512,陕西红旗民爆集团股份有限公司,N,,3,赵力,监事
2020-11-25,10102512,陕西红旗民爆集团股份有限公司,N,,11,高冰,董事
2020-11-25,10512661,滨州海得富莱曲轴有限公司,N,,3,张立平,董事
2020-11-25,10516814,漯河汇盛生物科技有限公司,N,,1,马相杰,董事
2020-11-25,10522510,漳州和品工贸有限公司,N,,2,佘漳南,执行董事兼总经理
2020-11-25,106102,漳州片仔癀药业股份有限公司,Y,600436,1,黄进明,"董事,副总经理"
2020-11-25,106102,漳州片仔癀药业股份有限公司,Y,600436,11,刘丛盛,副总经理
2020-11-25,10522511,漳州路桥物资发展有限公司,N,,2,巫升柱,董事长
2020-11-25,10452475,漳浦国电投光伏有限公司,N,,3,吴波,经理
2020-11-25,10519670,潍坊天悦物资有限公司,N,,2,刘杰,执行董事兼总经理
2020-11-25,10519664,潍坊恒联特种纸有限公司,N,,1,徐建,董事长
2020-11-25,10519660,潍坊柏立化学有限公司,N,,2,李玉国,执行董事
2020-11-25,102980,潍柴动力股份有限公司,Y,000338;02338,1,Michael Martin Macht,董事
2020-11-25,102980,潍柴动力股份有限公司,Y,000338;02338,13,鲁文武,监事长
2020-11-25,10517623,潜山县济海项目管理有限公司,N,,2,何康,董事
2020-11-25,10517623,潜山县济海项目管理有限公司,N,,10,储卫民,董事
2020-11-25,10512693,潮州市东驰陶瓷颜料有限公司,N,,2,孙泽伟,监事
2020-11-25,10517596,濮阳市中信建设工程有限公司,N,,3,刘美华,监事
2020-11-25,10455943,灌云天骄科技开发有限公司,N,,2,杨张平,执行董事
2020-11-25,10517379,灵谷化工集团有限公司,N,,5,左勇春,董事
2020-11-25,10517379,灵谷化工集团有限公司,N,,13,芮群,监事
2020-11-25,10522295,舟山市普陀区同欣远洋渔业专业合作社,N,,30,殷立世,
2020-11-25,10522295,舟山市普陀区同欣远洋渔业专业合作社,N,,39,袁波杰,
2020-11-25,10522295,舟山市普陀区同欣远洋渔业专业合作社,N,,48,陆海亨,
2020-11-25,10522295,舟山市普陀区同欣远洋渔业专业合作社,N,,58,张友跃,
2020-11-25,10522295,舟山市普陀区同欣远洋渔业专业合作社,N,,68,沈文光,
2020-11-25,10522295,舟山市普陀区同欣远洋渔业专业合作社,N,,77,李国海,
2020-11-25,10522295,舟山市普陀区同欣远洋渔业专业合作社,N,,87,蒋福云,
2020-11-25,10522295,舟山市普陀区同欣远洋渔业专业合作社,N,,97,徐信海,
2020-11-25,10522295,舟山市普陀区同欣远洋渔业专业合作社,N,,107,林叶,
2020-11-25,10522295,舟山市普陀区同欣远洋渔业专业合作社,N,,116,刘英波,
2020-11-25,10522295,舟山市普陀区同欣远洋渔业专业合作社,N,,125,林辉,
2020-11-25,10522295,舟山市普陀区同欣远洋渔业专业合作社,N,,134,李飞红,
2020-11-25,10522295,舟山市普陀区同欣远洋渔业专业合作社,N,,143,殷伦波,
2020-11-25,10522295,舟山市普陀区同欣远洋渔业专业合作社,N,,152,严红波,
2020-11-25,10522295,舟山市普陀区同欣远洋渔业专业合作社,N,,160,金代辉,
2020-11-25,10522349,郑州惠炎瑞鑫电磁线有限公司,N,,1,赵玉彪,执行董事兼总经理
2020-11-25,10522361,郑州新威耐火材料有限公司,N,,2,孙永霞,监事
2020-11-25,10522359,郑州水务建设投资有限公司,N,,5,李博,监事
2020-11-25,10522360,郑州泰祥热电股份有限公司,N,,6,段国轩,董事长
2020-11-25,105974,郑州煤电股份有限公司,Y,600121,4,李崇,副董事长
2020-11-25,105974,郑州煤电股份有限公司,Y,600121,11,林建伟,监事
2020-11-25,105736,郑州煤矿机械集团股份有限公司,Y,00564;601717,5,王新莹,董事
2020-11-25,10522370,郑州祝福房地产开发有限公司,N,,2,赵素娟,监事
2020-11-25,10522367,郑州豫元耐材有限公司,N,,1,王保仓,执行董事兼总经理
2020-11-25,10521645,郑州高新梧桐水务有限公司,N,,2,王敬臣,董事
2020-11-25,10522169,郓城县丰泽玻璃有限公司,N,,2,刘尊典,执行董事兼经理
2020-11-25,10512754,郴州市锦荣贸易有限责任公司,N,,1,曹益华,监事
2020-11-25,10513629,都江堰水利产业集团有限责任公司,N,,4,怀琳,监事
2020-11-25,10513641,鄂尔多斯市乌兰陶勒盖煤炭运销有限公司,N,,1,尤江,执行董事
2020-11-25,10513642,鄂尔多斯市鑫和工贸有限责任公司,N,,2,苏飞云,经理
2020-11-25,10513643,鄂托克前旗时达绿能天然气有限责任公司,N,,8,汪春祥,监事会主席
2020-11-25,10516612,酒鬼酒湖南销售有限责任公司,N,,7,彭丽华,董事
2020-11-25,10353893,重庆一能燃具有限公司,N,,3,张国茜,经理
2020-11-25,10102512,陕西红旗民爆集团股份有限公司,N,,13,李春伟,董事
2020-11-25,10517773,陕西聚诚实业有限公司,N,,3,徐延,监事
2020-11-25,10517878,陕西英发创联信息技术有限公司,N,,2,张志强,执行董事兼总经理
2020-11-25,106608,陕西重型汽车有限公司,N,,4,同亚莉,监事会主席
2020-11-25,106608,陕西重型汽车有限公司,N,,11,姚旭,监事
2020-11-25,10350432,陕西锌业有限公司,N,,1,康进锁,董事
2020-11-25,10350432,陕西锌业有限公司,N,,8,秦宁昌,董事
2020-11-25,10517884,陕西长岭实业有限公司,N,,3,李锐,总经理
2020-11-25,10455890,陕西长青能源化工有限公司,N,,2,董文忠,监事
2020-11-25,10455890,陕西长青能源化工有限公司,N,,10,冯刚,监事
2020-11-25,105807,南京钢铁股份有限公司,Y,600282,14,郑和,监事
2020-11-25,10275844,南京长安汽车有限公司,N,,1,梁光忠,董事
2020-11-25,10517339,南京音飞货架有限公司,N,,1,金跃跃,"执行董事,总经理"
2020-11-25,10517086,南京风电科技有限公司,N,,7,王安正,董事
2020-11-25,10127053,南京高速齿轮制造有限公司,N,,4,顾晓斌,总经理
2020-11-25,10127053,南京高速齿轮制造有限公司,N,,12,张欣,
2020-11-25,10517188,南京麒麟互娱文化股份有限公司,N,,7,苏凝,监事
2020-11-25,10516995,南充长荣丝绸制品有限公司,N,,2,邓荣辉,监事
2020-11-25,10368565,南国红豆控股有限公司,N,,7,冯亚新,职工监事
2020-11-25,10517357,南宁中交一公局城市发展有限公司,N,,5,张亚,董事
2020-11-25,10517352,南宁乔治白服饰有限公司,N,,7,叶高想,董事
2020-11-25,10517350,南宁富桂精密工业有限公司,N,,4,李选贤,监事
2020-11-25,10517355,南宁市武鸣区惠丰农机专业合作社,N,,2,黄瑞业,
2020-11-25,10470468,南宁粤玻实业有限公司,N,,2,何俊强,董事
2020-11-25,101529,南宁糖业股份有限公司,Y,000911,2,黄丽燕,董事
2020-11-25,101529,南宁糖业股份有限公司,Y,000911,10,莫菲城,董事长
2020-11-25,10516978,南安市天兴消防铸造有限公司,N,,1,陈柳春,执行董事兼总经理
2020-11-25,10108471,南方出版传媒股份有限公司,Y,601900,8,谭君铁,董事长
2020-11-25,10114633,南方水泥有限公司,N,,4,李世锋,董事
2020-11-25,10114633,南方水泥有限公司,N,,11,裴鸿雁,监事
2020-11-25,10516991,南昌万泰木业有限责任公司,N,,2,李青松,"执行董事,总经理"
2020-11-25,10516979,南昌宝江钢材加工配送有限公司,N,,7,姚万强,董事
2020-11-25,10116716,南昌欧菲光学技术有限公司,N,,2,张昊,董事
2020-11-25,10516982,南昌江铃华翔汽车零部件有限公司,N,,2,何清华,董事
2020-11-25,10516983,南昌江铃集团协和传动技术有限公司,N,,3,占培庆,"董事长,总经理"
2020-11-25,10516980,南昌贝尔令实业发展有限公司,N,,1,许金水,"执行董事,总经理"
2020-11-25,10295107,南通万达锅炉有限公司,N,,3,张智斌,监事
2020-11-25,10366678,南通中实纺织交易市场有限公司,N,,1,刘敏,监事
2020-11-25,10517362,南通丰汇建设有限公司,N,,5,曹为泽,监事
2020-11-25,10516437,南通五建宏业建设工程有限公司,N,,4,张素华,董事长
2020-11-25,10516443,南通住友电木有限公司,N,,5,小林孝,董事
2020-11-25,10517366,南通化工轻工股份有限公司,N,,5,骆峰,董事兼总经理
2020-11-25,10517365,南通华通建设集团有限公司,N,,2,张美云,监事
2020-11-25,10208938,南通南辉电子材料股份有限公司,N,,8,王琦,监事
2020-11-25,10640,南通四建集团有限公司,N,,7,季豪,董事
2020-11-25,10640,南通四建集团有限公司,N,,13,张峥峰,董事
2020-11-25,10516434,南通市中央创新区建设投资有限公司,N,,7,王军祥,监事
2020-11-25,10516433,南通市金磊建设工程有限责任公司,N,,4,徐新华,董事
2020-11-25,10517367,南通建工集团股份有限公司,N,,5,张忠达,董事
2020-11-25,10517367,南通建工集团股份有限公司,N,,13,支洪军,监事
2020-11-25,10517363,南通海沂金属制品有限公司,N,,1,秦小娟,监事
2020-11-25,10116194,南通海立电子有限公司,N,,6,刘华,董事
2020-11-25,10517372,南通瑞金电气设备有限公司,N,,1,周烽,监事
2020-11-25,10517358,南通醋酸纤维有限公司,N,,2,刘融,董事
2020-11-25,10517358,南通醋酸纤维有限公司,N,,10,赵晖,董事
2020-11-25,10516442,南通长江电器实业有限公司,N,,1,徐卫军,监事
2020-11-25,10517360,南通鼎安运输有限公司,N,,1,唐珏林,执行董事兼总经理
2020-11-25,10516450,南阳市新奥商贸有限公司,N,,2,李长来,监事
2020-11-25,10118096,博世汽车柴油系统有限公司,N,,4,欧建斌,监事
2020-11-25,10450050,博众精工科技股份有限公司,Y,688097,1,沈斌,董事
2020-11-25,10450050,博众精工科技股份有限公司,Y,688097,9,唐爱权,监事
2020-11-25,10512724,博宇金属股份有限公司,N,,2,韩玉娟,监事
2020-11-25,10419619,博康智能信息技术有限公司,N,,2,王曦,执行董事
2020-11-25,10512718,博罗县星光养殖专业合作社,N,,5,张国辉,
2020-11-25,10489857,博雅软件股份有限公司,N,,5,赖风雷,独立董事
2020-11-25,10516631,卡斯柯信号有限公司,N,,2,Charlie VACHER,董事
2020-11-25,10415994,卧龙电气南阳防爆集团股份有限公司,N,,3,朱亚娟,董事
2020-11-25,10519672,卫辉市康迪粉业有限公司,N,,1,李德纯,监事
2020-11-25,10518257,厦门万家宝节能材料有限公司龙海分公司,N,,1,林惠川,总经理
2020-11-25,10518259,厦门万翔网络商务有限公司,N,,6,陈斌,董事
2020-11-25,10308743,厦门亿力吉奥信息科技有限公司,N,,2,刘金长,董事
2020-11-25,10308743,厦门亿力吉奥信息科技有限公司,N,,11,臧志斌,董事长
2020-11-25,10518272,厦门信和达电子有限公司,N,,2,黄健,监事
2020-11-25,101517,厦门信达股份有限公司,Y,000701,4,何春平,监事
2020-11-25,101517,厦门信达股份有限公司,Y,000701,10,傅本生,董事
2020-11-25,10130593,厦门光莆电子股份有限公司,Y,300632,3,林瑞梅,董事长
2020-11-25,10130593,厦门光莆电子股份有限公司,Y,300632,10,崔玉梅,监事
2020-11-25,10518041,厦门华特公路沥青技术有限公司,N,,3,蔡智慧,总经理
2020-11-25,10308777,厦门华联电子股份有限公司,Y,872122,1,李明,董事兼总经理
2020-11-25,10518044,厦门华赢贸易有限公司,N,,1,张简,执行董事兼总经理
2020-11-25,10518046,厦门嘉诚投资发展有限公司,N,,3,叶衍榴,董事
2020-11-25,106276,厦门国贸集团股份有限公司,Y,600755,7,郑甘澍,董事
2020-11-25,10310022,厦门天马微电子有限公司,N,,3,叶道福,总经理
2020-11-25,10518249,厦门市众联轴承有限公司,N,,3,陈甦民,"董事长,总经理"
2020-11-25,10518242,厦门市市政建设开发有限公司,N,,5,王瑞婷,董事
2020-11-25,10518238,厦门市爱维达电子有限公司,N,,2,黄进国,董事
2020-11-25,104786,厦门市美亚柏科信息股份有限公司,Y,300188,1,卢永华,董事
2020-11-25,10315756,宁波中燃船舶燃料有限公司,N,,2,赵群,董事
2020-11-25,10517430,宁波中盛东尼国际贸易有限公司,N,,1,俞佳杰,"经理,执行董事"
2020-11-25,10517058,宁波丰盛食品有限公司,N,,1,朱欣欣,监事
2020-11-25,10517266,宁波亿屯钢材有限公司,N,,1,赖福娥,监事
2020-11-25,10517432,宁波众和建筑劳务有限公司,N,,2,姚泽益,监事
2020-11-25,10318293,宁波凯通国际贸易有限公司,N,,1,马驹,董事长
2020-11-25,10114822,宁波北仑南区热力有限公司,N,,5,张斌立,董事
2020-11-25,10519039,山东泰开电器开关有限公司,N,,4,刘学荣,董事
2020-11-25,10518328,山东海源煤炭有限公司,N,,1,朱本永,监事
2020-11-25,10107710,山东海龙博莱特化纤有限责任公司,N,,1,庄旭升,董事长
2020-11-25,10519104,山东淄建集团有限公司,N,,1,黄君庆,监事
2020-11-25,10519104,山东淄建集团有限公司,N,,8,毛翠英,监事
2020-11-25,10518399,山东淼汇智能科技有限公司,N,,2,李瑞芝,执行董事兼总经理
2020-11-25,10132936,山东清源集团有限公司,N,,7,管新艳,监事
2020-11-25,10312441,山东滨化滨阳燃化有限公司,N,,4,王树华,董事
2020-11-25,10381175,山东潍坊润丰化工股份有限公司,Y,301035,3,李学士,董事
2020-11-25,10381175,山东潍坊润丰化工股份有限公司,Y,301035,12,黄方亮,董事
2020-11-25,10519055,山东潍焦集团薛城能源有限公司,N,,8,刘法东,董事
2020-11-25,10518349,山东环球医药集团有限公司,N,,6,黄振城,董事
2020-11-25,10133054,山东玲珑轮胎股份有限公司,Y,601966,8,王锋,"董事长兼总经理,总经理"
2020-11-25,10519016,山东瑞光生物科技有限公司,N,,2,马佩璇,监事
2020-11-25,10519015,山东瑞福锂业有限公司,N,,8,杨万军,监事
2020-11-25,10518305,山东电力设备有限公司,N,,4,马玎,董事
2020-11-25,10519024,山东省出版对外贸易有限公司,N,,1,沈铁,执行董事兼总经理
2020-11-25,10312496,山东省禹城市新园热电有限公司,N,,7,赵志深,董事兼总经理
2020-11-25,10513969,广东维菁坊食品有限公司,N,,1,唐新平,"董事,经理"
2020-11-25,10113247,广东美的制冷设备有限公司,N,,4,陈丽红,董事
2020-11-25,10113247,广东美的制冷设备有限公司,N,,11,HU JIA,监事
2020-11-25,10113258,广东美芝制冷设备有限公司,N,,9,蔡其武,董事长
2020-11-25,10113258,广东美芝制冷设备有限公司,N,,16,"Pierre-Yves,Nicolas ROLLET",董事
2020-11-25,10134978,广东翔鹭钨业股份有限公司,Y,002842,2,李晓生,董事
2020-11-25,10134978,广东翔鹭钨业股份有限公司,Y,002842,10,卢勇甘,监事
2020-11-25,10208795,广东联合电子服务股份有限公司,N,,9,关众,职工监事
2020-11-25,10390502,广东联塑科技实业有限公司,N,,2,左笑萍,副董事长
2020-11-25,10102715,广东肯富来泵业股份有限公司,N,,6,郑钧挺,监事
2020-11-25,10102715,广东肯富来泵业股份有限公司,N,,14,陈汉祖,董事
2020-11-25,10372734,广东超力电机股份有限公司,N,,2,蔡章锦,"监事会主席,监事"
2020-11-25,10110380,广东通用医药有限公司,N,,1,林伟芳,"董事,经理"
2020-11-25,10110380,广东通用医药有限公司,N,,9,刘超,董事长
2020-11-25,10513704,广东金岭糖业集团有限公司,N,,2,林德才,董事
2020-11-25,10513702,广东金柏能新材料有限公司,N,,2,刘东盛,"执行董事,经理"
2020-11-25,10481025,成都圣诺生物制药有限公司,N,,1,文永均,执行董事兼总经理
2020-11-25,10426362,成都天兴山田车用部品有限公司,N,,1,岸本一也,董事长
2020-11-25,10512847,成都天台山制药有限公司,N,,2,侯静,监事
2020-11-25,10512848,成都天炜仕达汽车贸易有限公司,N,,2,朱波,执行董事兼总经理
2020-11-25,10106950,成都天翔环境股份有限公司,N,,9,余雅彬,监事
2020-11-25,10512846,成都天马精密机械有限公司,N,,2,崔林,监事
2020-11-25,10461801,成都宜居水城城乡交通建设投资有限公司,N,,4,廖信林,董事长
2020-11-25,10512772,成都富通光通信技术有限公司,N,,3,顾正国,"董事长,总经理"
2020-11-25,10512833,成都市三峰物资供应有限公司,N,,1,黄永,监事
2020-11-25,10315578,成都市兴蓉再生能源有限公司,N,,2,兰彭华,董事兼总经理
2020-11-25,10512834,成都市天鑫洋金业有限责任公司,N,,3,易鑫,董事
2020-11-25,10512830,成都市康来兴药业有限公司,N,,2,秦超,执行董事
2020-11-25,10512836,成都市鑫佳铂贸易有限公司,N,,1,匡果果,监事
2020-11-25,10512794,成都建工建材有限责任公司,N,,1,汤敬,监事
2020-11-25,10512794,成都建工建材有限责任公司,N,,9,王蓝青,董事
2020-11-25,10512763,成都成南运业有限公司,N,,1,刘敏,监事
2020-11-25,10512763,成都成南运业有限公司,N,,8,罗正红,董事
2020-11-25,10114820,宁波北仑热力有限公司,N,,2,张新征,执行董事兼总经理
2020-11-25,10517222,宁波启明信息科技有限公司,N,,1,高原,监事
2020-11-25,10517061,宁波复能新材料股份有限公司,N,,1,邹璐静,董事
2020-11-25,10517263,宁波夏达工具制造有限公司,N,,2,夏明达,"经理,执行董事"
2020-11-25,10517055,宁波大榭皖煤能源发展有限公司,N,,2,边德生,监事
2020-11-25,10517158,宁波宁东混凝土有限公司,N,,2,胡连根,监事
2020-11-25,10517160,宁波宁兴特钢集团有限公司,N,,7,杨晓君,董事
2020-11-25,10517131,宁波宏天中拓贸易有限公司,N,,1,姜培珍,监事
2020-11-25,10517235,宁波市北仑旭日模具机械有限公司,N,,2,胡建文,监事
2020-11-25,10517237,宁波市对外贸易服务中心有限公司,N,,1,张文虎,执行董事兼总经理
2020-11-25,10517242,宁波市江东坤城机械刀具有限公司,N,,1,叶晓晖,监事
2020-11-25,10407867,宁波市轨道交通集团有限公司,N,,6,李晓晓,监事
2020-11-25,10517245,宁波市鄞州下应东南片区拆迁置业有限公司,N,,6,陈坚,董事
2020-11-25,10517244,宁波市鄞州品瑞电子有限公司,N,,3,高建明,监事
2020-11-25,10517240,宁波市鸿景丰食品有限公司,N,,2,王力军,监事
2020-11-25,10517139,宁波建霖国际贸易有限公司,N,,2,王芳,监事
2020-11-25,10517130,宁波恒富汽车部件发展有限公司,N,,1,张爱君,监事
2020-11-25,102166,山东省章丘鼓风机股份有限公司,Y,002598,7,戴汝泉,董事
2020-11-25,10109023,杭州高新橡塑材料股份有限公司,Y,300478,10,周建华,董事
2020-11-25,10515290,杭州鹏安金属材料配送有限公司,N,,2,胡炜,监事
2020-11-25,10114298,杭州龙山化工有限公司,N,,1,龚赵峰,监事
2020-11-25,107561,杭萧钢构股份有限公司,Y,600477,1,单银木,董事长
2020-11-25,107561,杭萧钢构股份有限公司,Y,600477,8,周永亮,董事
2020-11-25,10516006,江苏荣丽达进出口有限公司,N,,1,刘倜,"执行董事,总经理"
2020-11-25,10515644,江苏萃隆精密铜管股份有限公司,N,,6,王东良,董事
2020-11-25,10515834,江苏蛟龙打捞航务工程有限公司,N,,7,韩国新,监事
2020-11-25,10516085,江苏贞一环保科技有限公司,N,,1,张蕊蕊,执行董事兼总经理
2020-11-25,10515794,江苏辉宏信科技有限公司,N,,3,杨海新,总经理
2020-11-25,102518,江苏通润装备科技股份有限公司,Y,002150,5,俞雪华,董事
2020-11-25,10515653,江苏道远节能环保科技有限公司,N,,3,冯霆,总经理
2020-11-25,10122005,江苏邗建集团有限公司,N,,8,居建平,监事
2020-11-25,10515643,江苏醇誉化工贸易有限公司,N,,1,李洪国,监事
2020-11-25,10515841,江苏金土木建设集团有限公司,N,,2,滕斌,董事兼总经理
2020-11-25,10515839,江苏金坛建工集团有限公司,N,,3,朱建新,董事
2020-11-25,10515839,江苏金坛建工集团有限公司,N,,10,赵建忠,监事主席
2020-11-25,10515874,江苏金翔仓储物流有限公司,N,,1,梁金达,执行董事兼总经理
2020-11-25,10515836,江苏金马工程有限公司,N,,1,马田金,董事兼总经理
2020-11-25,10515691,江苏钢洋物流有限公司,N,,4,钱乃华,监事
2020-11-25,10516097,江苏铸辉市政建设有限公司,N,,5,孙琴,董事
2020-11-25,10516010,江苏锐升新材料有限公司,N,,2,郦国双,董事长兼总经理
2020-11-25,10515032,河南永通铝业有限公司,N,,2,李振兴,执行董事
2020-11-25,10514986,河南浪迪瓷业有限公司,N,,2,侯晓军,监事
2020-11-25,10107291,河南海王医药集团有限公司,N,,8,张锋,董事长
2020-11-25,10514975,河南焦郑黄河大桥开发有限公司,N,,4,宋子房,董事
2020-11-25,10514957,河南百旺金赋电脑有限公司,N,,1,廖顺秋,监事
2020-11-25,10515014,河南省医药药材集团有限公司,N,,4,侯文忠,董事
2020-11-25,10515009,河南省南阳卧龙综合保税区建设投资有限公司,N,,6,梁辰先,监事
2020-11-25,10463312,河南省圣昊新材料股份有限公司,N,,8,张创业,董事
2020-11-25,10515002,河南省百隆建筑工程有限公司,N,,3,刘磊,总经理
2020-11-25,10437027,河南省第二建设集团有限公司,N,,7,祝建明,总经理
2020-11-25,10515006,河南省粮食交易物流市场有限公司,N,,3,张素霞,董事长
2020-11-25,10515008,河南省路桥建设集团有限公司,N,,4,梁建华,董事
2020-11-25,10515008,河南省路桥建设集团有限公司,N,,13,李正忠,监事
2020-11-25,10515011,河南省顺康医药有限责任公司,N,,1,时淑娟,执行董事兼总经理
2020-11-25,10514958,河南碧水源生态科技有限公司,N,,9,石少猛,董事
2020-11-25,107242,河南神火集团有限公司,N,,3,王亚峰,监事
2020-11-25,107242,河南神火集团有限公司,N,,10,孙公平,监事
2020-11-25,10401582,深圳市松博宇科技股份有限公司,N,,6,黎爱埠,"董事,副总经理"
2020-11-25,10518934,深圳市桑海通投资有限公司,N,,2,顾新,"董事长,总经理"
2020-11-25,10518986,深圳市椰子互娱网络技术有限公司,N,,1,黄觅琲,监事
2020-11-25,10518864,深圳市汇宁建筑劳务分包有限公司,N,,2,葛井荣,"执行董事,总经理"
2020-11-25,10373572,深圳市沃特新材料股份有限公司,Y,002886,4,童晓婷,监事
2020-11-25,10418600,深圳市沃特玛电池有限公司,N,,2,鲁尔兵,董事
2020-11-25,10518953,深圳市泰美珠宝发展有限公司,N,,3,陈雪瑶,"董事,副总经理"
2020-11-25,104825,深圳市洲明科技股份有限公司,Y,300232,6,梁文昭,董事
2020-11-25,10518832,深圳市海吉星冷链股份有限公司,N,,3,刘凯淦,监事
2020-11-25,10518834,深圳市海天塑材有限公司,N,,2,许统史,监事
2020-11-25,10518833,深圳市海思半导体有限公司,N,,4,胡厚崑,董事
2020-11-25,10521069,深圳市灿烁装饰工程有限公司,N,,2,黄少荣,执行董事
2020-11-25,10889,深圳市燃气集团股份有限公司,Y,601139,8,刘秋辉,董事
2020-11-25,10889,深圳市燃气集团股份有限公司,Y,601139,15,黄荔,董事
2020-11-25,10521054,深圳市爱尔维电子有限公司,N,,2,刘亚芳,"执行董事,总经理"
2020-11-25,102441,深圳市爱施德股份有限公司,Y,002416,10,张蕊,董事
2020-11-25,10518929,深圳市瑞丰粮食贸易有限公司,N,,2,王琼,"执行董事,总经理"
2020-11-25,10520311,松原市荣泰丰源粮业有限公司,N,,1,白亚玲,执行董事兼总经理
2020-11-25,10121530,林州凤宝管业有限公司,N,,2,田随果,监事
2020-11-25,10522176,枣庄矿业集团中兴建安工程有限公司,N,,1,杨光群,董事长兼总经理
2020-11-25,10522173,枣庄金正钢铁有限公司,N,,1,孙继水,经理
2020-11-25,10516388,柳州五菱汽车工业有限公司,N,,2,李诚,董事
2020-11-25,10147287,柳州佳力电机股份有限公司,N,,1,李树茂,董事兼总经理
2020-11-25,105911,柳州化工股份有限公司,Y,600423,2,韦伟,监事
2020-11-25,105911,柳州化工股份有限公司,Y,600423,9,林波,监事
2020-11-25,105911,柳州化工股份有限公司,Y,600423,15,杨毅,董事
2020-11-25,10516386,柳州良业环境技术有限公司,N,,4,唐雪文,董事长兼总经理
2020-11-25,10264,株洲冶炼集团股份有限公司,Y,600961,2,黄忠民,董事
2020-11-25,10264,株洲冶炼集团股份有限公司,Y,600961,11,胡晓东,董事
2020-11-25,10521794,株洲天桥起重配件制造有限公司,N,,1,唐四清,监事
2020-11-25,10521793,株洲市中湘物资贸易有限责任公司,N,,1,陈军,执行董事
2020-11-25,10521795,株洲湘火炬火花塞有限责任公司,N,,3,唐国庆,董事
2020-11-25,10513605,格尔木藏华大颗粒钾肥有限公司,N,,2,张文豪,监事
2020-11-25,10148768,桂林五洲旅游股份有限公司,Y,833176,5,阳伟中,董事长
2020-11-25,10514168,桂林华信制药有限公司,N,,3,唐建群,监事
2020-11-25,107339,江苏长电科技股份有限公司,Y,600584,10,石瑛,董事
2020-11-25,10516068,江苏阳光呢绒服饰销售有限公司,N,,2,何筱湘,监事
2020-11-25,10517787,陕西陕煤曹家滩矿业有限公司,N,,4,张宏智,董事
2020-11-25,10517787,陕西陕煤曹家滩矿业有限公司,N,,13,雷亚军,董事长兼总经理
2020-11-25,10517735,陕钢集团韩城钢铁有限责任公司,N,,4,王红章,董事
2020-11-25,10517735,陕钢集团韩城钢铁有限责任公司,N,,12,王俊龙,董事长
2020-11-25,10522447,随州绿源新能源有限公司,N,,3,冯芬,监事
2020-11-25,10520184,雅安市市政建设工程有限公司,N,,1,陈莉,监事
2020-11-25,10367840,雅鹿集团股份有限公司,N,,5,张俊杰,董事长兼总经理
2020-11-25,10516801,雷州市一品木业有限公司,N,,3,柯文真,监事
2020-11-25,10521627,震雄铜业集团有限公司,N,,1,张学东,"董事,总经理"
2020-11-25,10520218,烟台万合铜业有限公司,N,,2,徐蔚农,董事
2020-11-25,10520189,烟台东方英达康自动化技术有限公司,N,,2,华志斌,监事
2020-11-25,10520010,烟台京远渔业有限公司,N,,4,刘兵,董事
2020-11-25,10520009,烟台华正医疗器械科技有限公司,N,,1,郭新滨,监事
2020-11-25,10520195,烟台卡贝欧换热器有限公司,N,,2,王强,副董事长
2020-11-25,10520008,烟台国网中电自动化技术有限公司,N,,4,王国治,总经理
2020-11-25,10520214,烟台市龙泵煤炭销售有限公司,N,,1,周敏,监事
2020-11-25,10372958,烟台恒邦物流股份有限公司,N,,2,宫妮,监事
2020-11-25,10102709,烟台招金励福贵金属股份有限公司,N,,2,李海涛,董事
2020-11-25,10102709,烟台招金励福贵金属股份有限公司,N,,10,姜忠智,董事
2020-11-25,10520219,烟台未来自动装备有限责任公司,N,,4,王法连,董事
2020-11-25,10520216,烟台泰优食品有限公司,N,,2,孙丽,监事
2020-11-25,10493784,烟台舒驰客车有限责任公司,N,,3,周景春,董事
2020-11-25,10520221,烟台裕峰专用机械设备有限公司,N,,2,王培丞,执行董事兼总经理
2020-11-25,106457,烽火通信科技股份有限公司,Y,600498,2,张海燕,监事
2020-11-25,106457,烽火通信科技股份有限公司,Y,600498,10,吴海波,监事
2020-11-25,106457,烽火通信科技股份有限公司,Y,600498,17,陈山枝,董事
2020-11-25,101583,焦作万方铝业股份有限公司,Y,000612,6,刘继东,董事
2020-11-25,10516230,焦作丽珠合成制药有限公司,N,,1,陶德胜,董事
2020-11-25,10522295,舟山市普陀区同欣远洋渔业专业合作社,N,,163,黄杰,
2020-11-25,10522260,舟山市海圣生物有限公司,N,,2,胡道亨,监事
2020-11-25,10522297,舟山运通环保能源有限公司,N,,2,蒋朝锋,经理
2020-11-25,105138,航天信息股份有限公司,Y,600271,5,袁晓光,董事
2020-11-25,105138,航天信息股份有限公司,Y,600271,11,张邵军,监事
2020-11-25,10512309,艾默生过程控制流量技术有限公司,N,,3,朱良文,董事
2020-11-25,10145816,芍花堂国药股份有限公司,Y,832265,8,姜启斌,董事
2020-11-25,10519868,芜湖市富贸再生资源有限公司,N,,2,李成龙,监事
2020-11-25,10519815,芜湖市金诚管件有限责任公司,N,,2,殷洪美,监事
2020-11-25,10233451,芜湖新兴铸管有限责任公司,N,,3,李伟成,总经理
2020-11-25,10415220,芯鑫融资租赁有限责任公司,N,,1,沈伟国,董事
2020-11-25,10415220,芯鑫融资租赁有限责任公司,N,,9,路军,董事
2020-11-25,10515832,花垣博世科水务有限公司,N,,1,卜代彬,执行董事兼总经理
2020-11-25,10482518,苏州三星电子有限公司,N,,3,张敏婕,董事
2020-11-25,102561,苏州东山精密制造股份有限公司,Y,002384,1,冒小燕,董事
2020-11-25,102561,苏州东山精密制造股份有限公司,Y,002384,9,黄勇鑫,监事
2020-11-25,10369443,苏州中晟环境修复股份有限公司,N,,3,许承就,董事
2020-11-25,10522099,苏州优富纺织品有限公司,N,,1,Ning Hong Jun,"董事长,总经理"
2020-11-25,10522079,重庆万州金龙铜管销售有限公司,N,,1,陈天云,"经理,执行董事"
2020-11-25,10521949,重庆三大伟业制药有限公司,N,,3,鲁安松,经理
2020-11-25,10521955,重庆世澳实业有限公司,N,,1,廖世豪,监事
2020-11-25,10521886,重庆两江新区水土高新技术产业园建设投资有限公司,N,,3,刘骥,监事
2020-11-25,10521887,重庆两江新区置业发展有限公司,N,,4,陈超,董事
2020-11-25,10521885,重庆两江新区龙兴工业园建设投资有限公司,N,,4,吴娟,董事
2020-11-25,10522253,重庆中烟工业有限责任公司,N,,3,易从宽,董事
2020-11-25,10522248,重庆中科云从科技有限公司,N,,3,万珺,副董事长
2020-11-25,10522086,重庆亚高贸易股份有限公司,N,,3,赵雄,董事长兼总经理
2020-11-25,10521945,重庆仁信金属材料有限公司,N,,2,周毅,监事
2020-11-25,10522085,重庆信科通信建设监理咨询有限公司,N,,4,徐静,监事会主席
2020-11-25,10112890,重庆力帆乘用车有限公司,N,,5,魏琨,监事
2020-11-25,10522088,重庆医药和平医疗器械有限公司,N,,2,唐田,执行董事兼总经理
2020-11-25,10522091,重庆医药集团药特分有限责任公司,N,,2,邓成伟,职工代表监事
2020-11-25,10106939,重庆博腾制药科技股份有限公司,Y,300363,5,曾会,监事
2020-11-25,10106939,重庆博腾制药科技股份有限公司,Y,300363,12,谭永庆,监事会主席
2020-11-25,10516479,霍尔果斯克顿文化传媒有限公司,N,,1,吴盈盈,监事
2020-11-25,10516484,霍尔果斯微岚星空信息技术有限公司,N,,2,姜义,执行董事兼总经理
2020-11-25,10516481,霍尔果斯萌贝尔影视有限公司,N,,1,韩奇,执行董事兼总经理
2020-11-25,10516490,霍林郭勒金源口热电有限公司,N,,1,王琳,监事会主席
2020-11-25,10520558,霞浦县新陆交通投资有限公司,N,,2,李敏,"董事,副总经理"
2020-11-25,10512109,霸州中石油昆仑燃气有限公司,N,,5,张卫东,董事
2020-11-25,10518072,青县冀丰钢铁有限公司,N,,5,王岳松,董事
2020-11-25,10143593,青山控股集团有限公司,N,,5,姜海洪,董事
2020-11-25,10517945,青岛三莹电子有限公司,N,,2,金炳允,董事
2020-11-25,10517979,青岛中石油昆仑胜利燃气有限公司,N,,1,孙卜武,董事长
2020-11-25,10517824,青岛丰源堂医药有限公司,N,,3,王海菊,董事
2020-11-25,10517840,青岛佳诺商务有限公司,N,,1,郭维佳,执行董事兼总经理
2020-11-25,10517835,青岛华烁高科新能源技术有限公司,N,,3,张东生,副董事长
2020-11-25,10523981,江苏省广播电视集团有限公司,N,,1,卜宇,董事长
2020-11-25,10523981,江苏省广播电视集团有限公司,N,,2,周斌,总经理
2020-11-25,107488,安徽省交通控股集团有限公司,N,,1,陈玉萍,董事
2020-11-25,107488,安徽省交通控股集团有限公司,N,,2,陶兴元,监事
2020-11-25,107488,安徽省交通控股集团有限公司,N,,3,钱东升,董事兼总经理
2020-11-25,107488,安徽省交通控股集团有限公司,N,,4,魏洁,监事
2020-11-25,107488,安徽省交通控股集团有限公司,N,,5,郑成雨,监事
2020-11-25,107488,安徽省交通控股集团有限公司,N,,6,汪云婕,监事
2020-11-25,107488,安徽省交通控股集团有限公司,N,,7,项小龙,董事长
2020-11-25,10512497,北京信游互联科技有限公司,N,,1,李燕飞,监事
2020-11-25,10397320,北京信诺时代科技发展有限公司,N,,6,唐青,监事
2020-11-25,10135031,北京元鼎时代科技股份有限公司,N,,4,胡绳,董事
2020-11-25,10512330,北京光泽时代通信技术有限公司,N,,2,孙艳,监事
2020-11-25,10512499,北京全国棉花交易市场集团有限公司,N,,6,徐延毅,董事
2020-11-25,10512481,北京全城热恋珠宝文化有限公司,N,,2,万子红,"执行董事,总经理"
2020-11-25,10512540,北京凯领轩创文化传媒有限公司,N,,1,赵晶苹,监事
2020-11-25,10512386,北京力通科源技术有限公司,N,,1,孙焱,"执行董事,总经理"
2020-11-25,10512105,巴彦淖尔市吉兴商贸有限公司,N,,2,刘春梅,"执行董事,总经理"
2020-11-25,10107411,巴彦淖尔紫金有色金属有限公司,N,,5,陈鹏,董事，经理
2020-11-25,10513186,常州世金电子科技有限公司,N,,2,赵锁云,执行董事
2020-11-25,10512874,常州东昊化工有限公司,N,,3,王维珍,监事
2020-11-25,10132682,广西柳州医药股份有限公司,Y,603368,7,梁震,监事
2020-11-25,10116180,广西柳州市东城投资开发集团有限公司,N,,3,曾庆明,监事
2020-11-25,10439961,广西柳州桂糖有限责任公司,N,,3,钟孟良,监事
2020-11-25,10513938,广西柳州百草堂药业有限公司,N,,7,李景华,董事兼总经理
2020-11-25,10514010,广西正顺饲料有限公司,N,,1,刘代腾,监事
2020-11-25,10371371,广西渤海农业发展有限公司,N,,1,白长军,董事
2020-11-25,10513952,广西物资储备有限公司,N,,1,唐征,监事
2020-11-25,10513952,广西物资储备有限公司,N,,8,沈云伍,董事
2020-11-25,10135115,广西物资集团有限责任公司,N,,5,朱梅,监事
2020-11-25,106727,广西玉柴机器股份有限公司,N,,2,郭令栢KWEK LENG PECK,董事
2020-11-25,106727,广西玉柴机器股份有限公司,N,,14,陆玉明,董事
2020-11-25,10327290,广西电网有限责任公司,N,,1,陈亮,监事
2020-11-25,10327290,广西电网有限责任公司,N,,8,陈邦宇,董事
2020-11-25,10513805,广西百矿铝业有限公司,N,,1,陈金辉,总经理
2020-11-25,10109184,广西盛隆冶金有限公司,N,,5,柯雪利,董事兼总经理
2020-11-25,10513911,广西航桂实业有限公司,N,,3,甘剑,监事
2020-11-25,10513944,广西融兴沃能锂业科技有限公司,N,,2,MO YOUDE,"经理,执行董事"
2020-11-25,10513908,广西贵港市蓝枫贸易有限公司,N,,1,叶阳,"执行董事,总经理"
2020-11-25,10522029,新疆路睿通公路工程技术有限公司,N,,2,邹小江,执行董事
2020-11-25,10521974,新疆金太阳民爆器材有限责任公司,N,,2,马璇,监事
2020-11-25,10521975,新疆金泰伟业供应链管理有限责任公司,N,,2,黎燕,监事
2020-11-25,101290,新疆金风科技股份有限公司,Y,002202;02208,7,曹志刚,董事
2020-11-25,101290,新疆金风科技股份有限公司,Y,002202;02208,14,卢海林,董事
2020-11-25,10521977,新疆锦棉棉业股份有限公司,N,,5,索一林,监事
2020-11-25,10520619,新疆阿拉尔市鹏祥棉麻有限责任公司,N,,4,张丽荣,监事
2020-11-25,10520614,新钢联冶金有限公司,N,,2,周天义,执行董事兼总经理
2020-11-25,106387,方大特钢科技股份有限公司,Y,600507,9,李红卫,董事
2020-11-25,106387,方大特钢科技股份有限公司,Y,600507,17,常健,"董事,总经理"
2020-11-25,10519504,无为安德利汽车销售有限公司,N,,2,张利娟,执行董事兼总经理
2020-11-25,10519528,无锡东马锅炉科技有限公司,N,,1,朱东根,"执行董事,总经理"
2020-11-25,10519810,无锡中迈贸易有限公司,N,,1,周季丰,执行董事
2020-11-25,10519809,无锡中金鼎讯信通科技股份有限公司,N,,7,褚晓芳,监事
2020-11-25,10519561,无锡佳合众新能源科技有限公司,N,,2,徐锋,监事
2020-11-25,10235620,无锡化工装备股份有限公司,Y,001332,2,邵雪枫,董事
2020-11-25,10235620,无锡化工装备股份有限公司,Y,001332,10,黄伟裕,监事
2020-11-25,105200,宝钢集团新疆八一钢铁有限公司,N,,8,林卫斌,董事
2020-11-25,105200,宝钢集团新疆八一钢铁有限公司,N,,16,兰棠舰,董事
2020-11-25,10512181,宝鸡力兴钛业有限公司,N,,1,赵海山,监事
2020-11-25,10512187,宝鸡石油输送管有限公司,N,,1,贾宏安,监事
2020-11-25,106309,宝鸡钛业股份有限公司,Y,600456,3,贾栓孝,董事兼总经理
2020-11-25,106309,宝鸡钛业股份有限公司,Y,600456,10,张克东,董事
2020-11-25,10308456,宣化钢铁集团有限责任公司,N,,4,任喜宏,监事
2020-11-25,10276054,宣汉县骏德贸易有限公司,N,,3,谢建锋,经理
2020-11-25,10520139,宿州市安国华污水处理有限公司,N,,5,赵井磊,董事
2020-11-25,102341,富奥汽车零部件股份有限公司,Y,000030;200030,4,马野驰,董事
2020-11-25,102341,富奥汽车零部件股份有限公司,Y,000030;200030,13,赵玉林,副总经理
2020-11-25,10513425,富源县佳盛经贸有限公司,N,,2,尹杜铭,监事
2020-11-25,10512741,察右中旗世纪铁合金有限责任公司,N,,2,陈日书,监事
2020-11-25,10520005,寻甸城乡投资开发集团有限公司,N,,5,熊云良,董事长
2020-11-25,10519711,寿光恒华实业有限公司,N,,2,郭梦真,监事
2020-11-25,10519714,寿光润圣水务有限公司,N,,2,刘萍,监事
2020-11-25,10516221,将乐县佳丰木业有限公司,N,,1,应敏芗,监事
2020-11-25,10309653,小松山推工程机械有限公司,N,,3,张全旺,董事长
2020-11-25,10487027,小米通讯技术有限公司,N,,4,林斌,董事
2020-11-25,10107433,常州亿晶光电科技有限公司,N,,2,李静武,执行董事
2020-11-25,10512927,常州凯尊金属制品有限公司,N,,1,唐小明,执行董事兼总经理
2020-11-25,10512681,常州同泰高导新材料有限公司,N,,1,王永生,监事
2020-11-25,10512869,常州奥埠贸易有限公司,N,,1,陆清,总经理
2020-11-25,10513189,常州市冠军机电制造有限公司,N,,1,吴红珍,执行董事兼总经理
2020-11-25,10118478,常州市天龙光电设备有限公司,N,,4,潘国强,董事
2020-11-25,10512677,常州市武进马杭色织布有限公司,N,,3,王建妹,监事
2020-11-25,10451558,常州悦众影视有限公司,N,,2,乔源,董事
2020-11-25,10274109,常州文化科技创意发展有限公司,N,,4,章蕾,其他人员
2020-11-25,10512934,常州求异物资有限公司,N,,2,谢锋,监事
2020-11-25,10512882,常州环灵化工有限公司,N,,1,曹盛,执行董事兼总经理
2020-11-25,10512930,常州科普动力机械有限公司,N,,2,倪旭初,董事
2020-11-25,10512688,常州综研加热炉有限公司,N,,2,王莉芬,监事
2020-11-25,10326300,常州航天信息有限公司,N,,8,卢煊,董事
2020-11-25,10512683,常州轩勤再生资源回收有限公司,N,,1,季勤勤,监事
2020-11-25,10512926,常州金源铜业有限公司,N,,4,孙爱军,"董事,总经理"
2020-11-25,10512875,常州飞峰建筑构件有限公司,N,,2,陈丽娟,监事
2020-11-25,10512816,常德金鹏印务有限公司,N,,1,陈芳,监事
2020-11-25,10512816,常德金鹏印务有限公司,N,,8,邓永志,董事长
2020-11-25,105897,海南航空控股股份有限公司,Y,600221;900945,5,伍晓熹,董事
2020-11-25,105897,海南航空控股股份有限公司,Y,600221;900945,12,张英,董事
2020-11-25,10514568,海南赛诺实业有限公司,N,,6,徐佳,监事
2020-11-25,10514563,海南金盛建筑工程有限公司,N,,3,陈妍,董事
2020-11-25,10138919,海口农村商业银行股份有限公司,N,,1,陈太锷,监事
2020-11-25,10138919,海口农村商业银行股份有限公司,N,,10,甘齐章,董事
2020-11-25,10138919,海口农村商业银行股份有限公司,N,,19,张慧,董事
2020-11-25,10514792,海口海盛源实业有限公司,N,,1,陈星,监事
2020-11-25,10514794,海口金和玉粮油贸易有限公司,N,,2,张立文,执行董事兼总经理
2020-11-25,10514784,海城市后英耐火材料有限公司,N,,3,何著胜,执行董事
2020-11-25,10514780,海城诚信有色金属有限公司,N,,2,丑亚威,监事
2020-11-25,10427494,海天塑机集团有限公司,N,,4,水财毅,监事
2020-11-25,10514622,海宁永力电子陶瓷有限公司,N,,1,严水良,执行董事
2020-11-25,10514629,海盐惠彤针织制衣有限公司,N,,1,罗建雄,监事
2020-11-25,102693,海能达通信股份有限公司,Y,002583,6,孙萌,董事
2020-11-25,10344753,海马汽车有限公司,N,,2,陈高潮,总经理
2020-11-25,10516744,涞水野三坡美丽乡村旅游开发有限公司,N,,3,刘春城,董事
2020-11-25,107881,无锡市市政公用产业集团有限公司,N,,1,张棉辉,职工监事
2020-11-25,107881,无锡市市政公用产业集团有限公司,N,,9,张炜,职工董事
2020-11-25,10447302,无锡市德科立光电子技术有限公司,N,,7,杨楠,监事
2020-11-25,10519765,无锡市星瑞包装科技有限公司,N,,2,高红琴,监事
2020-11-25,10519856,无锡志远泰钢业有限公司,N,,1,林晓锋,"执行董事,总经理"
2020-11-25,10519588,无锡拈花湾文化投资发展有限公司,N,,5,彭家兵,监事
2020-11-25,10519506,无锡昂然时代广告有限公司,N,,2,杨大川,监事
2020-11-25,10405626,无锡普天铁心股份有限公司,N,,8,宋福臣,监事
2020-11-25,10519559,无锡机床股份有限公司,N,,4,许雅丽,监事
2020-11-25,10519748,无锡欧瑞京机电有限公司,N,,4,JAN-DIRK VAN VLIET,监事
2020-11-25,10447231,无锡派克新材料科技股份有限公司,Y,605123,6,钱小兵,监事
2020-11-25,10519850,无锡统一实业包装有限公司,N,,1,梁祥居,董事长
2020-11-25,105002,无锡药明康德新药开发股份有限公司,Y,02359;603259,2,Ning Zhao（赵宁）,董事
2020-11-25,105002,无锡药明康德新药开发股份有限公司,Y,02359;603259,13,Harry Liang he（贺亮）,监事
2020-11-25,10517491,日照亚信工贸有限公司,N,,2,鲁秀会,监事
2020-11-25,10515636,江苏博泰环保工程有限公司,N,,1,朱陈银,执行董事兼总经理
2020-11-25,10145916,江苏同益国际物流股份有限公司,Y,832412,1,罗智勇,董事
2020-11-25,10145916,江苏同益国际物流股份有限公司,Y,832412,9,王福刚,监事
2020-11-25,10440935,江苏国信协联能源有限公司,N,,2,蒋银忠,董事
2020-11-25,10440935,江苏国信协联能源有限公司,N,,9,王韻,监事
2020-11-25,10470904,江苏国信连云港发电有限公司,N,,4,杨宁,监事
2020-11-25,10515650,江苏大全长江电器股份有限公司,N,,2,黄晓宁,监事
2020-11-25,10515650,江苏大全长江电器股份有限公司,N,,11,徐广福,董事
2020-11-25,10515646,江苏大才建设集团有限公司,N,,2,潘大才,监事
2020-11-25,10515648,江苏大津重工有限公司,N,,3,杭友斌,总经理
2020-11-25,10516177,江苏天力建设集团有限公司,N,,7,孙国贤,董事
2020-11-25,10516203,江苏天目建设集团有限公司,N,,1,周天喜,"董事长,总经理"
2020-11-25,10383049,江苏天禾旅游发展有限公司,N,,7,李金芳,监事主席
2020-11-25,10470280,江苏太极实业新材料有限公司,N,,3,冯志明,董事长兼总经理
2020-11-25,10515706,江苏好收成韦恩农化股份有限公司,N,,3,杜荣,董事
2020-11-25,10515747,江苏宏远电缆材料有限公司,N,,2,吴勇,监事
2020-11-25,10516009,江苏容大实业有限公司,N,,4,徐兆祯,董事兼总经理
2020-11-25,10520844,沈阳宝钢东北贸易有限公司,N,,4,姚林龙,执行董事
2020-11-25,10520888,沈阳市金切机械设备有限公司,N,,1,王井芝,监事
2020-11-25,10520851,沈阳德赛威机电设备有限公司,N,,2,刘红艳,监事
2020-11-25,10315092,沈阳惠涌供热有限责任公司,N,,7,张向阳,董事
2020-11-25,10315093,沈阳惠盛供热有限责任公司,N,,6,陈英,董事
2020-11-25,102757,沈阳新松机器人自动化股份有限公司,Y,300024,7,陆祖祥,监事
2020-11-25,10520876,沈阳朗道生物技术有限公司,N,,1,吕波,经理
2020-11-25,10520866,沈阳机床华屹工业控股集团有限公司,N,,6,秦玉萍,监事
2020-11-25,10520880,沈阳沈北煤矿有限公司,N,,7,高福江,监事长
2020-11-25,10520882,沈阳沈飞集团铝业幕墙工程有限公司,N,,5,姜中龙,董事兼总经理
2020-11-25,10520894,沈阳泰华铜业有限公司,N,,2,王小华,执行董事
2020-11-25,10520857,沈阳海权盛隆煤炭销售有限公司,N,,2,王桂彬,监事
2020-11-25,10107160,沈阳石蜡化工有限公司,N,,5,罗晓云,监事
2020-11-25,10450034,沈阳红旗制药有限公司,N,,5,陈战宇,董事
2020-11-25,10317714,沈阳航天三菱汽车发动机制造有限公司,N,,5,陈兰华,董事长
2020-11-25,10133253,沈阳萃华金银珠宝股份有限公司,Y,002731,7,王成波,董事
2020-11-25,10520848,沈阳诚通金属有限公司,N,,1,马德印,执行董事兼经理
2020-11-25,10317738,沈阳远大铝业工程有限公司,N,,1,崔克江,董事
2020-11-25,10516872,涟水宏茂生态农林开发有限公司,N,,2,赵晓燕,监事
2020-11-25,10521819,涿州大童融商企业管理有限公司,N,,1,刘卫,执行董事
2020-11-25,10114896,淄博众生医药有限公司,N,,1,朱佰军,董事
2020-11-25,10521823,淄博供电公司,N,,1,孙锁文,其他人员
2020-11-25,10521838,淄博市周村化学厂,N,,1,刘传胜,其他人员
2020-11-25,10521827,淄博晶天经贸有限公司,N,,1,牛涛,监事
2020-11-25,10521835,淄博森海商贸有限公司,N,,3,李晟豪,监事
2020-11-25,10521825,淄博浩源塑业有限公司,N,,2,王森,监事
2020-11-25,10521822,淄博辰创塑料有限公司,N,,1,董金花,监事
2020-11-25,10332944,福建省医药有限责任公司,N,,2,陈志成,董事
2020-11-25,10332944,福建省医药有限责任公司,N,,10,冯琳,监事
2020-11-25,10309872,贵州兴义阳光资产经营管理集团有限公司,N,,8,谢菊华,董事
2020-11-25,10110931,贵州康心药业有限公司,N,,1,吴文生,董事长兼总经理
2020-11-25,10514095,贵州建工集团有限公司,N,,4,杨礼丽,监事
2020-11-25,10514092,贵州建工集团第六建筑工程有限责任公司,N,,3,徐永祥,董事
2020-11-25,10514094,贵州建工集团第四建筑工程有限责任公司,N,,8,廖卫红,董事
2020-11-25,10147018,贵州开磷集团股份有限公司,N,,2,何述怀,董事
2020-11-25,10147018,贵州开磷集团股份有限公司,N,,9,李晟瑞,监事
2020-11-25,10514106,贵州开阳三环磨料有限公司,N,,1,林海南,董事
2020-11-25,10514081,贵州恒嘉建设有限公司,N,,2,罗冰,执行董事兼总经理
2020-11-25,10514162,贵州智慧水利科技股份有限公司,N,,2,王根南,董事长兼总经理
2020-11-25,10514087,贵州桓源建设工程有限公司,N,,1,冯民仙,监事
2020-11-25,10514159,贵州永兴通网络建设技术服务有限公司,N,,2,文荣,监事
2020-11-25,10514086,贵州环态建筑劳务有限公司,N,,2,陈洁,监事
2020-11-25,10333579,贵州电网有限责任公司,N,,6,郑之茂,董事
2020-11-25,10514062,贵州电网有限责任公司凯里供电局,N,,1,王祥,负责人
2020-11-25,105980,贵州盘江精煤股份有限公司,Y,600395,9,张丽莉,监事
2020-11-25,10213443,贵州省公路工程集团有限公司,N,,1,高绚,监事
2020-11-25,10213443,贵州省公路工程集团有限公司,N,,9,王代勇,监事
2020-11-25,107531,长春一汽富维汽车零部件股份有限公司,Y,600742,5,张志新,副董事长
2020-11-25,10522544,长春一汽汽车贸易城开发集团股份有限公司,N,,3,尚兴中,董事
2020-11-25,10522527,长春佛吉亚排气系统有限公司,N,,5,杨军,董事长
2020-11-25,10522542,长春信华通讯技术咨询服务有限公司,N,,1,王振江,执行董事兼总经理
2020-11-25,10460265,长春吉大正元信息技术股份有限公司,Y,003029,5,冯焱,监事
2020-11-25,10460265,长春吉大正元信息技术股份有限公司,Y,003029,14,高智慧,监事
2020-11-25,10522522,长春宝钢钢材贸易有限公司,N,,3,么云蔚,总经理
2020-11-25,10522528,长春富维安道拓汽车饰件系统有限公司,N,,8,约翰斯顿斯图尔特安德路,董事
2020-11-25,10522537,长春市矩型焊管有限责任公司,N,,4,安喜权,董事长兼总经理
2020-11-25,10522536,长春市金蟾经贸有限公司,N,,3,曹培伟,监事
2020-11-25,10522530,长春建设集团股份有限公司,N,,7,胡占伟,董事
2020-11-25,10522541,长春欣吉君煤炭经销有限公司,N,,3,王根田,总经理
2020-11-25,10107881,长春百克生物科技股份公司,Y,688276,8,姜春来,董事
2020-11-25,10522531,长春精仪光电技术有限公司,N,,3,高筱迪,执行董事
2020-11-25,10522540,长春通视光电技术有限公司,N,,9,李志强,董事
2020-11-25,10515089,湖北长江路桥股份有限公司,N,,8,桂楠,董事
2020-11-25,10515982,湖北骏马纸业有限公司,N,,2,杨军,董事长
2020-11-25,10515943,湖北鼎信力创工业科技有限公司,N,,1,吕丹,执行董事兼总经理
2020-11-25,10134786,湖南三德科技股份有限公司,Y,300515,6,仇健,董事
2020-11-25,10515203,湖南三鑫医药有限公司,N,,3,陈石林,执行董事
2020-11-25,10515135,湖南东旭德来电子科技有限公司,N,,4,尤理,"董事长,经理"
2020-11-25,10515824,湖南中创化工股份有限公司,N,,6,袁杰,监事
2020-11-25,10473765,湖南中南黄金冶炼有限公司,N,,7,陈石,董事
2020-11-25,10515187,湖南乐福地医药包材科技有限公司,N,,1,彭勋德,董事
2020-11-25,10147620,湖南九典制药股份有限公司,Y,300705,7,卢尚,监事
2020-11-25,10515811,湖南以仁油脂有限公司,N,,1,易志仁,监事
2020-11-25,10515815,湖南元富科技发展有限公司,N,,1,易荣,"执行董事,总经理"
2020-11-25,10208777,湖南凯斯机械股份有限公司,Y,837003,4,陈继斌,监事
2020-11-25,10515130,湖南北山建设集团电力机电设备安装有限公司,N,,2,张习泉,监事
2020-11-25,10204501,湖南千金医药股份有限公司,N,,3,薛峰,董事
2020-11-25,10515195,湖南千金药材有限公司,N,,2,谢爱维,董事长
2020-11-25,10427859,湖南升华科技股份有限公司,N,,1,彭澎,执行董事
2020-11-25,10346970,湖南华菱湘潭钢铁有限公司,N,,1,王树春,监事
2020-11-25,10513281,福建省工业设备安装有限公司,N,,1,潘庆建,董事长
2020-11-25,10358709,福建省建筑设计研究院有限公司,N,,2,王宗成,董事
2020-11-25,10358709,福建省建筑设计研究院有限公司,N,,10,施林伟,监事
2020-11-25,10513283,福建省惠东建筑工程有限公司,N,,5,吴河强,监事
2020-11-25,10513283,福建省惠东建筑工程有限公司,N,,14,刘培钦,董事
2020-11-25,10513292,福建省永泰县金泰纺织有限公司,N,,3,林谷森,董事兼总经理
2020-11-25,10406293,福建省闽华电源股份有限公司,N,,4,黄建国,董事兼总经理
2020-11-25,10513284,福建省闽南建筑工程有限公司,N,,3,李丽红,董事
2020-11-25,10513284,福建省闽南建筑工程有限公司,N,,12,邱志章,董事
2020-11-25,105800,福建省青山纸业股份有限公司,Y,600103,7,郑鸣峰,监事
2020-11-25,105800,福建省青山纸业股份有限公司,Y,600103,15,何娟,董事
2020-11-25,10513201,福建福船一帆新能源装备制造有限公司,N,,2,郑主平,董事
2020-11-25,10513201,福建福船一帆新能源装备制造有限公司,N,,11,常永辉,董事
2020-11-25,10513271,福建绿欧家居有限公司,N,,5,林春凤,董事长
2020-11-25,10513266,福建联合石油化工有限公司,N,,5,Olivier G.Thorel,董事
2020-11-25,10513278,福建邵化化工有限公司,N,,2,石建腾,监事
2020-11-25,10513299,福建鑫叶投资管理集团有限公司,N,,6,郑明霞,监事
2020-11-25,10514118,贵州省公路开发有限责任公司,N,,4,刘明文,监事
2020-11-25,10514127,贵州省冶金建设公司,N,,1,徐金明,负责人
2020-11-25,10514131,贵州诗雨置业有限公司,N,,1,王应顺,董事长兼总经理
2020-11-25,10514070,贵州贵安能矿产品电子商务股份有限公司,N,,6,王孜煜,副总经理
2020-11-25,10514161,贵州远大教学设备有限公司,N,,1,杨正华,监事
2020-11-25,10365160,北京北汽模塑科技有限公司,N,,2,曹明芳,董事
2020-11-25,10441227,北京北科欧远科技有限公司,N,,1,刘现卓,董事
2020-11-25,102444,北京北纬通信科技股份有限公司,Y,002148,2,傅乐民,"董事长,经理"
2020-11-25,10512892,北京十分科技有限公司,N,,2,高鹏程,"董事,经理"
2020-11-25,10512231,北京华三通信技术有限公司,N,,3,Kirt Paul KARROS,董事
2020-11-25,10473021,北京华亿创新信息技术有限公司,Y,873778,3,王滨,监事
2020-11-25,10365683,北京华商冰山制冷空调成套设备有限公司,N,,6,王鹏,经理
2020-11-25,10365844,北京华天机电研究所有限公司,N,,4,盛诗敏,监事
2020-11-25,10512223,北京华宝信通科技有限公司,N,,2,牛东和,监事
2020-11-25,10114647,北京华恒兴业房地产开发有限公司,N,,6,曾永锋,监事
2020-11-25,10512261,北京华源瑞成贸易有限责任公司,N,,1,王铮,董事
2020-11-25,10512261,北京华源瑞成贸易有限责任公司,N,,9,张开,董事
2020-11-25,105126,北京华联综合超市股份有限公司,Y,600361,5,阳烽,董事
2020-11-25,105126,北京华联综合超市股份有限公司,Y,600361,12,张力争,董事
2020-11-25,105993,北京华胜天成科技股份有限公司,Y,600410,9,符全,监事会主席
2020-11-25,10261241,北京华路时代信息技术股份有限公司,Y,834443,4,汪玲,董事
2020-11-25,10179456,北京卓信智恒数据科技股份有限公司,N,,1,王辉,"董事长,经理"
2020-11-25,10135034,北京卓华信息技术股份有限公司,N,,4,马建军,董事
2020-11-25,10512411,北京南方腾龙化工有限公司,N,,2,潘益龙,监事
2020-11-25,10512236,北京博大新元房地产开发有限公司,N,,5,韩志学,监事
2020-11-25,10441343,北京博奇电力科技有限公司,N,,5,张孔瑜,监事会主席
2020-11-25,10512249,北京博泰永信科技发展有限公司,N,,1,李荣芳,监事
2020-11-25,10512232,北京博超时代软件有限公司,N,,5,李雨娟,监事
2020-11-25,10224539,北京卡车之家信息技术股份有限公司,Y,834063,5,徐冲,监事
2020-11-25,10512607,北京友邦佳通电子科技有限公司,N,,3,韩京哲,监事
2020-11-25,104959,北京双杰电气股份有限公司,Y,300444,8,许专,董事
2020-11-25,10512918,北京双鹤药业销售有限责任公司,N,,2,李宁,经理
2020-11-25,101394,北京双鹭药业股份有限公司,Y,002038,7,苏志国,董事
2020-11-25,10512316,北京发那科机电有限公司,N,,5,野田浩,董事
2020-11-25,102550,北京合众思壮科技股份有限公司,Y,002383,3,郭信平,"董事长,经理"
2020-11-25,10512342,北京合生愉景房地产开发有限公司,N,,3,张帆,董事
2020-11-25,104827,北京合纵科技股份有限公司,Y,300477,6,张全中,监事
2020-11-25,10512312,北京吉狮互动网络营销技术有限公司,N,,2,付浩,监事
2020-11-25,10516914,凉山矿业股份有限公司,N,,5,李辉,监事
2020-11-25,10516914,凉山矿业股份有限公司,N,,13,陈先斌,董事
2020-11-25,108096,凌源钢铁集团有限责任公司,N,,2,刘威,监事
2020-11-25,108096,凌源钢铁集团有限责任公司,N,,9,张立新,董事
2020-11-25,10257645,凯盛科技集团有限公司,N,,1,彭寿,"董事长,经理"
2020-11-25,10513580,刚察福兴恒业商贸有限公司,N,,2,陈胜,监事
2020-11-25,107519,利亚德光电股份有限公司,Y,300296,7,李楠楠,董事
2020-11-25,10494521,利华益维远化学股份有限公司,Y,600955,7,魏玉东,董事长
2020-11-25,10334970,努比亚技术有限公司,N,,1,杨洋,董事
2020-11-25,10334970,努比亚技术有限公司,N,,8,徐锋,董事长
2020-11-25,10512159,包头东方希望铝合金有限公司,N,,2,梁平,执行董事兼总经理
2020-11-25,10113317,包头华美稀土高科有限公司,N,,2,谢兵,监事
2020-11-25,10512158,包头城建集团股份有限公司,N,,6,张文凯,"董事,副总经理"
2020-11-25,10512164,包头市城乡建设发展集团有限公司,N,,2,胡永旺,董事长，经理
2020-11-25,10512167,包头市新城亿博房地产开发有限公司,N,,1,戴波,经理
2020-11-25,10512162,包头铝业有限公司,N,,3,高行芳,监事
2020-11-25,10512155,包钢冀东水泥有限公司,N,,1,寻广华,监事会主席
2020-11-25,10512443,北京万有真源科技有限公司,N,,2,祁欣,监事
2020-11-25,10512529,北京三快科技有限公司,N,,1,穆荣均,"经理,执行董事"
2020-11-25,10276318,北京上药爱心伟业医药有限公司,N,,4,任刚,董事
2020-11-25,10135406,北京世纪互联宽带数据中心有限公司,Y,VNET,2,杨海峰,"经理,执行董事"
2020-11-25,10512289,北京东方富林液化气体有限公司,N,,2,杨秀芬,监事
2020-11-25,10512290,北京东方联鸣科技发展有限公司,N,,1,关鸣,"经理,执行董事"
2020-11-25,101466,北京东方雨虹防水技术股份有限公司,Y,002271,8,许利民,副董事长
2020-11-25,10512634,北京中京广阳建筑工程有限公司,N,,2,薛志德,"经理,执行董事"
2020-11-25,10424335,北京中公教育科技有限公司,N,,3,王振东,"董事,经理"
2020-11-25,10115078,北京中关村开发建设股份有限公司,N,,6,赵庆民,监事会主席
2020-11-25,10512567,北京中农怡和食品有限公司,N,,2,吴庆兰,监事
2020-11-25,10512631,北京中基明星贸易有限公司,N,,1,薛钊,董事
2020-11-25,10512629,北京中恒永盛商贸中心,N,,2,钱冬青-,监事
2020-11-25,10512578,北京中油瑞飞信息技术有限责任公司,N,,2,李全宇,监事
2020-11-25,10367702,北京中清龙图网络技术有限公司,N,,7,腾云,监事
2020-11-25,10512623,北京中电慧声科技有限公司,N,,1,王亚菲,董事
2020-11-25,10512624,北京中电慧视科技有限公司,N,,3,吴金中,董事长
2020-11-25,10512625,北京中电普华信息技术有限公司,N,,4,赵建保,董事长
2020-11-25,10512636,北京中科创通科技有限公司,N,,2,白海初,监事
2020-11-25,10512405,北京美康百泰医药科技有限公司,N,,1,王志华,董事
2020-11-25,107580,北京翠微大厦股份有限公司,Y,603123,3,徐涛,"董事,经理"
2020-11-25,107580,北京翠微大厦股份有限公司,Y,603123,11,吴红平,董事
2020-11-25,10512593,北京耀莱影视文化传媒有限公司,N,,2,蔡敏,"经理,执行董事"
2020-11-25,10512532,北京聚英广告传媒有限公司,N,,1,沈仲,"经理,执行董事"
2020-11-25,10254167,北京肯德基有限公司,N,,8,潘国庆,监事
2020-11-25,10204743,北京能源集团有限责任公司,N,,6,王春阁,董事
2020-11-25,10120923,广西路桥工程集团有限公司,N,,6,杜海龙,董事
2020-11-25,10120923,广西路桥工程集团有限公司,N,,14,杨锐,董事
2020-11-25,10513950,广西通前浩贸易有限公司,N,,1,朱成章,监事
2020-11-25,10513882,广西钢资源贸易有限公司,N,,1,李文文,监事
2020-11-25,10436849,广西鼎华商业股份有限公司,N,,7,冯铁军,董事
2020-11-25,10513803,广饶县东兴化工有限公司,N,,2,刘桂忠,监事
2020-11-25,10518084,庆安帝圣矿业有限公司,N,,7,吴光喜,监事
2020-11-25,10518088,庆阳长庆工程检测有限责任公司,N,,1,徐杰,董事
2020-11-25,10516694,库尔勒惠祥棉种有限公司,N,,7,陈卫君,监事
2020-11-25,10429207,康乃尔化学工业股份有限公司,N,,4,唐怀江,总经理
2020-11-25,106480,康美药业股份有限公司,Y,600518,3,万金成,"董事财务总监,董事会秘书"
2020-11-25,106480,康美药业股份有限公司,Y,600518,13,马焕洲,"监事,监事(职工)"
2020-11-25,106480,康美药业股份有限公司,Y,600518,22,张弘,独立董事
2020-11-25,10520228,延安中新嘉特新能源发电有限责任公司,N,,1,李晨辉,执行董事兼总经理
2020-11-25,10520227,延安市黄河引水工程有限责任公司,N,,6,强安平,董事
2020-11-25,10520013,延安永利房地产有限公司,N,,2,贺宝宁,监事
2020-11-25,10520014,延锋安道拓座椅机械部件有限公司,N,,5,JIAN JAMES HUANG,副董事长
2020-11-25,107694,无锡华东重型机械股份有限公司,Y,002685,9,高卫东,董事
2020-11-25,10519558,无锡华洋滚动轴承有限公司,N,,6,唐禄娣,监事
2020-11-25,10519553,无锡华澄线缆有限公司,N,,3,闵海华,"董事长,总经理"
2020-11-25,10519851,无锡压缩机股份有限公司,N,,2,杜传贵,监事
2020-11-25,10519851,无锡压缩机股份有限公司,N,,10,永井佑一郎（YUICHIRO NAGAI）,监事
2020-11-25,10519852,无锡威佳特国际贸易有限公司,N,,1,陈娟娣,监事
2020-11-25,10519808,无锡威克亨盛机械制造有限公司,N,,6,刘银山,董事
2020-11-25,101616,无锡威孚高科技集团股份有限公司,Y,000581;200581,1,楼狄明,董事
2020-11-25,101616,无锡威孚高科技集团股份有限公司,Y,000581;200581,9,马玉洲,监事
2020-11-25,10326470,无锡宝强工业织造有限公司,N,,4,徐翠赟,监事
2020-11-25,101612,无锡小天鹅股份有限公司,N,,1,蒋青云,董事
2020-11-25,101612,无锡小天鹅股份有限公司,N,,8,孙宇南,董事
2020-11-25,10781,无锡尚德太阳能电力有限公司,N,,3,张伏波,董事长
2020-11-25,10519753,无锡市不锈钢电子交易中心有限公司,N,,4,何毅,董事
2020-11-25,10383588,无锡市东舟船舶设备股份有限公司,Y,839012,7,谢元祥,监事
2020-11-25,10519760,无锡市凯盈润滑油有限公司,N,,1,肖浩瀛,执行董事兼总经理
2020-11-25,10227031,山东一诺威聚氨酯股份有限公司,Y,834261,6,陈淑海,监事
2020-11-25,10309666,山东万国太阳食品包装材料有限公司,N,,1,李洪信,执行董事
2020-11-25,10519021,山东三箭建设工程股份有限公司,N,,8,焦勃,董事长
2020-11-25,10108956,山东世纪阳光纸业集团有限公司,N,,6,陈效隽,董事
2020-11-25,10147192,山东东宏管业股份有限公司,Y,603856,6,姚建国,董事
2020-11-25,10518307,山东东辰节能电力设备有限公司,N,,1,张栋,监事
2020-11-25,10518306,山东东阿钢球集团有限公司,N,,7,朱海忠,监事
2020-11-25,10518309,山东东风凯马车辆有限公司,N,,9,黄志本,董事
2020-11-25,10519095,山东中华发电有限公司聊城发电厂,N,,1,姬广勤,
2020-11-25,10309681,山东中垠物流贸易有限公司,N,,1,刘春,董事长
2020-11-25,10519094,山东中海精细化工有限公司,N,,2,贾爱萍,监事
2020-11-25,10518378,山东乐盈通信技术有限公司,N,,2,卢蕊,监事
2020-11-25,10519058,山东五征集团有限公司,N,,2,苗得强,监事
2020-11-25,10440529,山东亦度生物技术有限公司,N,,1,樊可,董事兼总经理
2020-11-25,10518365,山东京博石油化工有限公司,N,,1,牟庆平,董事
2020-11-25,10518365,山东京博石油化工有限公司,N,,8,台磊,董事
2020-11-25,10518368,山东京粮兴贸贸易有限公司,N,,5,魏琨,监事
2020-11-25,10519101,山东众行信息科技有限公司,N,,1,李金龙,执行董事兼总经理
2020-11-25,10384419,常熟阿特斯阳光电力科技有限公司,Y,688472,1,瞿锋（FENG QU）,监事
2020-11-25,104357,平安信托有限责任公司,N,,8,姚波,董事
2020-11-25,101704,平安银行股份有限公司,Y,000001,4,王春汉,董事
2020-11-25,101704,平安银行股份有限公司,Y,000001,10,叶素兰,董事
2020-11-25,101704,平安银行股份有限公司,Y,000001,18,车国宝,监事
2020-11-25,10110776,平安银行股份有限公司东莞分行,N,,3,刘晓东,负责人
2020-11-25,10517547,平湖市五洲燃料有限公司,N,,1,王琢年,监事
2020-11-25,10308836,平煤神马机械装备集团河南重机有限公司,N,,6,郭向锋,监事
2020-11-25,10426573,平遥县印象文化旅游发展有限公司,N,,1,周平,监事
2020-11-25,10517551,平阳安信混凝土有限公司,N,,1,安维超,"执行董事,总经理"
2020-11-25,104154,平顶山天安煤业股份有限公司,Y,601666,9,赵全山,监事
2020-11-25,104154,平顶山天安煤业股份有限公司,Y,601666,16,周阳敏,董事
2020-11-25,104154,平顶山天安煤业股份有限公司,Y,601666,24,王羊娃,董事
2020-11-25,10520136,幸福人寿保险股份有限公司湖南省分公司,N,,1,王晓东,负责人
2020-11-25,10479852,广东三和管桩股份有限公司,Y,003037,6,姚光敏,董事
2020-11-25,10513567,广东东安电力工程有限公司,N,,2,熊贞祥,监事
2020-11-25,10513992,广东中人集团建设有限公司,N,,2,陈岳通,董事
2020-11-25,10513994,广东中星电子有限公司,N,,1,蔡斐,监事
2020-11-25,10515598,建发物流集团有限公司,N,,5,郑永达,董事
2020-11-25,10515593,建昌县兴隆冶炼有限责任公司,N,,5,梁树,董事
2020-11-25,10446313,开元商业有限公司,N,,2,杨秋民,董事
2020-11-25,10516632,开封东腾能源发展有限公司,N,,2,周慧,监事
2020-11-25,10516640,开封日津汽车线束有限公司,N,,4,李可,监事
2020-11-25,10516639,开封空分集团有限公司,N,,7,马源,董事
2020-11-25,10516669,开平威技电器有限公司,N,,5,黄玉如,董事
2020-11-25,10521832,淄博齐林傅山钢铁有限公司,N,,1,周荣军,监事
2020-11-25,10521832,淄博齐林傅山钢铁有限公司,N,,8,彭希海,董事
2020-11-25,102109,淄博齐翔腾达化工股份有限公司,Y,002408,8,范佳昱,董事
2020-11-25,107040,淮北矿业股份有限公司,N,,1,孙方,董事长
2020-11-25,107040,淮北矿业股份有限公司,N,,8,刘国峰,监事
2020-11-25,10516128,淮南创大实业有限责任公司,N,,5,王明献,董事
2020-11-25,10515914,淮安天华金属有限公司,N,,1,钱宏英,监事
2020-11-25,10515912,淮安市城建开发建设有限公司,N,,5,王向东,监事
2020-11-25,10110832,淮安澳洋顺昌光电技术有限公司,N,,2,孙清焕,董事
2020-11-25,10516126,淮沪电力有限公司,N,,7,朱凯,副董事长
2020-11-25,10520806,深圳万众创新科技有限公司,N,,4,叶飞准,董事
2020-11-25,10517472,日照市三联调水有限公司,N,,6,惠培勤,监事
2020-11-25,10466733,日照钢铁轧钢有限公司,N,,3,赵永钦,董事
2020-11-25,10516728,昆山兆基能源科技有限公司,N,,1,马红林,执行董事兼总经理
2020-11-25,10516724,昆山市格智电脑科技有限公司,N,,1,苏彩琴,执行董事兼总经理
2020-11-25,10516720,昆山恒源机械制造有限公司,N,,2,王晓中,执行董事兼总经理
2020-11-25,10516722,昆山茂顺密封件工业有限公司,N,,2,许春堂,董事长
2020-11-25,10468137,昆明华狮啤酒有限公司,N,,2,GRAHAM JAMES FEWKES,董事长
2020-11-25,10516700,昆明恒钻商贸有限公司,N,,1,玳珲,监事
2020-11-25,10516707,昆明润安商贸有限公司,N,,2,林慧芬,监事
2020-11-25,10512743,昌吉州新中工业设备安装有限公司,N,,2,周振海,监事
2020-11-25,10130612,明阳智慧能源集团股份公司,Y,601615,1,沈忠民,"副董事长,董事"
2020-11-25,10130612,明阳智慧能源集团股份公司,Y,601615,11,郭智勇,董事
2020-11-25,10106919,易事特集团股份有限公司,Y,300376,5,孙晓玲,职工代表监事
2020-11-25,10340920,易视腾科技有限公司,N,,2,侯立民,"董事,总经理"
2020-11-25,10114583,易讯科技股份有限公司,N,,4,李井哲,董事
2020-11-25,10516461,晋中市华储石油销售有限公司,N,,1,陈洪香,监事
2020-11-25,10516459,晋中晋煤煤炭销售有限公司,N,,1,张建通,监事
2020-11-25,10516422,晋城市益兴达工贸有限公司,N,,2,孔李强,执行董事兼总经理
2020-11-25,10515688,江苏富铁龙钢铁实业有限公司,N,,1,顾志成,执行董事兼总经理
2020-11-25,10133341,江苏广信感光新材料股份有限公司,Y,300537,7,王涛,董事
2020-11-25,10515696,江苏广宇建设集团有限公司,N,,5,周明山,董事
2020-11-25,106266,江苏康缘药业股份有限公司,Y,600557,2,肖伟,董事长兼总经理
2020-11-25,10515801,江苏建林农资有限公司,N,,1,王建军,执行董事兼总经理
2020-11-25,10329656,江苏弘业永恒进出口有限公司,N,,6,罗凌,董事
2020-11-25,10102598,江苏弘盛建设工程集团有限公司,N,,3,徐杨,董事长
2020-11-25,10515746,江苏弘盛新材料股份有限公司,N,,8,邵晓峰,监事
2020-11-25,10515656,江苏德林环保技术有限公司,N,,1,洪陵成,执行董事兼总经理
2020-11-25,10368085,江苏恒力化纤股份有限公司,N,,2,李玉琴,监事
2020-11-25,10515743,江苏恒峰精细化学股份有限公司,N,,3,邵建荣,董事
2020-11-25,105141,江苏恒瑞医药股份有限公司,Y,600276,3,张连山,董事
2020-11-25,105141,江苏恒瑞医药股份有限公司,Y,600276,11,戴洪斌,董事
2020-11-25,10329685,江苏悦达摩比斯贸易有限公司,N,,4,李成熙,监事
2020-11-25,10515795,江苏惠民水务有限公司,N,,3,杨宏卫,职工监事
2020-11-25,10507026,江苏扬农锦湖化工有限公司,N,,3,李定馥,监事
2020-11-25,10329692,江苏扬子江船厂有限公司,N,,3,成千,监事
2020-11-25,10516066,江苏扬建集团有限公司,N,,5,马振亚,职工监事
2020-11-25,10516066,江苏扬建集团有限公司,N,,14,王中林,监事主席
2020-11-25,10317738,沈阳远大铝业工程有限公司,N,,4,康宝华,董事长
2020-11-25,10519171,沈阳远达环保工程有限公司,N,,6,姜晓荣,监事
2020-11-25,10519171,沈阳远达环保工程有限公司,N,,14,刘春祥,监事
2020-11-25,10520900,沈阳透平机械股份有限公司,N,,5,项雷,董事
2020-11-25,10520900,沈阳透平机械股份有限公司,N,,13,戴继双,董事长
2020-11-25,10520899,沈阳通晖粮食收储有限公司,N,,2,孟丽,执行董事兼经理
2020-11-25,10519168,沈阳鑫华皓铝业有限公司,N,,1,杨世生,执行董事
2020-11-25,10115383,沈阳铁西百货大楼有限公司,N,,4,张京,监事会主席
2020-11-25,10317759,沈阳铁道煤炭集团有限公司,N,,2,赵文阁,"董事,经理"
2020-11-25,10520852,沈阳飞驰电气设备有限公司,N,,6,陈韶红,董事
2020-11-25,10517849,沙洋县纪山镇四方花卉苗木专业合作社,N,,1,汪爱民,
2020-11-25,10517845,沙湾县乌兰乌苏镇牧隆奶业专业合作社,N,,5,王强,
2020-11-25,10379369,沧州四星玻璃股份有限公司,N,,5,任华,董事
2020-11-25,10379369,沧州四星玻璃股份有限公司,N,,13,王振山,监事
2020-11-25,10512736,沧州市金泰衡器有限公司,N,,2,李宝骏,"执行董事,总经理"
2020-11-25,10512738,沧州市鑫宜达钢管集团股份有限公司,N,,10,刘泽波,监事
2020-11-25,10519716,沭阳鑫达新材料有限公司,N,,1,徐狄佳,执行董事
2020-11-25,10514886,河北东华冀衡化工有限公司,N,,7,闫文忠,董事长
2020-11-25,10402464,深圳中天精装股份有限公司,Y,002989,2,王建华,监事
2020-11-25,10449890,深圳中电国际信息科技有限公司,Y,001287,3,梁显效,董事
2020-11-25,10520817,深圳中电数码显示有限公司,N,,2,陈瑞雅,副董事长
2020-11-25,10461197,深圳传音控股股份有限公司,Y,688036,2,宋英男,监事
2020-11-25,10461197,深圳传音控股股份有限公司,Y,688036,10,刘仰宏,董事
2020-11-25,10520988,深圳供电局有限公司,N,,7,李锐,董事
2020-11-25,10519638,深圳公众信息技术有限公司,N,,4,韩臻,董事
2020-11-25,10521044,深圳前海新之江信息技术有限公司,N,,2,王坚,监事
2020-11-25,10114145,深圳前海金叶珠宝实业发展有限公司,N,,4,刘志宽,董事
2020-11-25,101663,深圳华侨城股份有限公司,Y,000069,5,周纪昌,董事
2020-11-25,10514165,贵州钟山扶贫旅游文化投资有限公司,N,,1,邓志,监事
2020-11-25,10514088,贵州黄平富城实业有限公司,N,,3,林东雄,副总经理
2020-11-25,10514471,贵溪发电有限责任公司,N,,1,钟定辉,"董事,总经理"
2020-11-25,106339,贵研铂业股份有限公司,Y,600459,1,王梓帆,董事
2020-11-25,106339,贵研铂业股份有限公司,Y,600459,8,缪宜生,董事
2020-11-25,10514051,贵阳宜谦达商贸有限公司,N,,2,张开荣,监事
2020-11-25,10376072,贵阳市医药电商服务有限公司,N,,2,吴文生,董事兼总经理
2020-11-25,10109112,贵阳开磷化肥有限公司,N,,2,唐兴兰,监事
2020-11-25,10514476,贵阳美活科技有限公司,N,,4,邱洋,董事兼总经理
2020-11-25,10514047,贵阳通用轮胎销售有限公司,N,,2,汤吉平,执行董事兼总经理
2020-11-25,107522,赞宇科技集团股份有限公司,Y,002637,4,方银军,董事兼总经理
2020-11-25,10513579,赣州中科拓又达智能装备科技有限公司,N,,1,赵连利,"董事,总经理"
2020-11-25,10513575,赣州同舟商贸有限公司,N,,1,胡艳梅,监事
2020-11-25,10522550,长江勘测规划设计研究有限责任公司,N,,2,王湘潭,副董事长
2020-11-25,10522550,长江勘测规划设计研究有限责任公司,N,,12,仲志余,董事
2020-11-25,10522560,长沙厚同食品贸易有限公司,N,,1,刘国华,监事
2020-11-25,10522558,长沙合力叉车销售有限公司,N,,1,吴亚平,监事
2020-11-25,10522576,长沙市和之通轮胎贸易有限公司,N,,2,崔永,执行董事兼总经理
2020-11-25,10522559,长沙弘瑞电气设备有限公司,N,,1,郭周平,执行董事兼总经理
2020-11-25,10522588,长沙新康建筑工程有限公司,N,,8,李佐平,副总经理
2020-11-25,10336250,长沙有色冶金设计研究院有限公司,N,,3,卓明华,监事
2020-11-25,10522557,长沙海航高精管科技有限公司,N,,3,凌镇之,经理
2020-11-25,10522593,长沙育鹏农产品贸易有限公司,N,,1,王国兵,监事
2020-11-25,10522555,长沙豆芽文化科技有限公司,N,,5,胡津,监事
2020-11-25,10146443,长沙麦融高科股份有限公司,N,,3,张泉,董事
2020-11-25,10522597,长治市泰中煤炭销售有限公司,N,,3,苗叶,监事
2020-11-25,101562,长虹美菱股份有限公司,Y,000521;200521,4,黄红,监事
2020-11-25,101562,长虹美菱股份有限公司,Y,000521;200521,11,胡照贵,董事
2020-11-25,10138597,长飞光纤光缆股份有限公司,Y,06869;601869,1,王瑞春,
2020-11-25,10138597,长飞光纤光缆股份有限公司,Y,06869;601869,8,熊向峰,董事
2020-11-25,10474111,湖南华菱线缆股份有限公司,Y,001208,2,熊硕,"董事,总经理"
2020-11-25,10474111,湖南华菱线缆股份有限公司,Y,001208,11,杨平波,董事
2020-11-25,101228,湖南南岭民用爆破器材股份有限公司,Y,002096,6,秦和清,副总经理
2020-11-25,101228,湖南南岭民用爆破器材股份有限公司,Y,002096,15,曾德坤,董事长
2020-11-25,10515813,湖南友淳新材料开发有限公司,N,,1,曹文涛,监事
2020-11-25,101462,湖南友谊阿波罗商业股份有限公司,Y,002277,6,陈细和,董事兼总经理
2020-11-25,10515782,湖南同力科技发展有限公司,N,,2,刘纳新,执行董事兼总经理
2020-11-25,10336421,湖南太阳鸟控股有限公司,N,,4,李跃先,董事长兼总经理
2020-11-25,10515136,湖南尔康医药经营有限公司,N,,1,张苏,监事
2020-11-25,10515816,湖南岳化化工股份有限公司,N,,6,华桂琪,董事
2020-11-25,10108419,湖南常德市德源投资开发有限公司,N,,2,陈亮,董事
2020-11-25,10515141,湖南广播电视广告总公司,N,,1,陈刚,其他人员
2020-11-25,10515142,湖南广福建筑股份有限公司,N,,6,邓文,董事长
2020-11-25,10474019,湖南快乐阳光互动娱乐传媒有限公司,N,,2,丁诚,董事
2020-11-25,10515146,湖南恒和商务发展有限公司,N,,5,李飞云,董事
2020-11-25,10515783,湖南拓宇混凝土有限公司,N,,2,代建华,执行董事兼总经理
2020-11-25,10515807,湖南新中制药机械股份有限公司,N,,4,刘运高,监事
2020-11-25,10513299,福建鑫叶投资管理集团有限公司,N,,11,阙锦沣,监事
2020-11-25,10513298,福建铁路实业发展有限公司,N,,3,王宇,监事
2020-11-25,10513298,福建铁路实业发展有限公司,N,,11,吴家通,董事
2020-11-25,10513268,福建霖居源林业有限公司,N,,2,刘世荣,执行董事兼总经理
2020-11-25,10513295,福建顺邵高速公路发展有限公司,N,,9,金凤清,监事
2020-11-25,105733,福建龙净环保股份有限公司,Y,600388,3,廖伟,监事
2020-11-25,105733,福建龙净环保股份有限公司,Y,600388,10,林贻辉,董事
2020-11-25,10513269,福建龙峰纺织科技实业有限公司,N,,4,林永嘉,监事
2020-11-25,10521146,禹城华润燃气有限公司,N,,3,仲伟轩,董事
2020-11-25,10179325,科顺防水科技股份有限公司,Y,300737,5,孙蔓莉,独立董事
2020-11-25,10179325,科顺防水科技股份有限公司,Y,300737,14,金结林,监事长
2020-11-25,10517797,秦皇岛北戴河首创制水有限责任公司,N,,3,韩佳良,监事
2020-11-25,10322372,秦皇岛发电有限责任公司,N,,7,王宏乾,监事
2020-11-25,10425865,秦皇岛威卡威佛吉亚汽车内饰件有限公司,N,,6,闻广秋,监事
2020-11-25,10517811,秦皇岛市立信物资经贸有限公司,N,,2,曾庆甦,监事
2020-11-25,10517805,秦皇岛明阳耀华余热发电有限公司,N,,1,孙文艺,执行董事
2020-11-25,10517813,秦皇岛沅泰纸业有限公司,N,,3,杨秋坡,董事
2020-11-25,10347261,赣州市德普特科技有限公司,N,,1,刘云飞,监事
2020-11-25,10190001,赣州晨光稀土新材料股份有限公司,N,,2,李一逊,监事会主席
2020-11-25,10513576,赣州欣荣物资贸易有限公司,N,,2,邹凯,监事
2020-11-25,10513551,赣州科力稀土新材料有限公司,N,,2,王震西,董事
2020-11-25,10438492,赣州稀土集团有限公司,N,,3,李竹兴,"董事,总经理"
2020-11-25,10438492,赣州稀土集团有限公司,N,,12,刘文丙,监事
2020-11-25,10438492,赣州稀土集团有限公司,N,,19,吕小林,董事
2020-11-25,10347279,赤峰中色锌业有限公司,N,,1,刘晓军,董事
2020-11-25,10347279,赤峰中色锌业有限公司,N,,9,祁刚,监事
2020-11-25,10347279,赤峰中色锌业有限公司,N,,16,李玉林,监事会主席
2020-11-25,10512983,赤峰双平投资管理有限责任公司,N,,1,周书伊,董事
2020-11-25,10512978,赤峰山金瑞鹏贸易有限公司,N,,1,牛瑞,"副董事长,总经理"
2020-11-25,10313072,北京腾信软创科技股份有限公司,Y,835363,2,康震,董事
2020-11-25,10512431,北京腾讯文化传媒有限公司,N,,2,朱樱妮,监事
2020-11-25,10254195,北京航天联志科技有限公司,N,,1,朱凯,董事
2020-11-25,10254195,北京航天联志科技有限公司,N,,9,刘旭升,董事
2020-11-25,10254198,北京航天金盾科技有限公司,N,,7,余凌云,监事
2020-11-25,10241111,北京菜市口百货股份有限公司,Y,605599,1,张山树,董事
2020-11-25,10241111,北京菜市口百货股份有限公司,Y,605599,10,张大鸣,董事
2020-11-25,10134894,北京蓝山科技股份有限公司,N,,3,汪中,董事
2020-11-25,10134894,北京蓝山科技股份有限公司,N,,11,陈曼曼,监事
2020-11-25,10512335,北京行方科技有限公司,N,,2,汪洋,监事
2020-11-25,10512587,北京讯创智达科技有限公司,N,,1,史孟姣,监事
2020-11-25,10512259,北京诚禾佳冉科技有限公司,N,,2,彭晋,监事
2020-11-25,10512521,北京赛宝通信技术有限公司,N,,1,李杰,"经理,执行董事"
2020-11-25,10357244,北京起重运输机械设计研究院有限公司,N,,5,孙吉泽,董事
2020-11-25,10512277,北京达佳互联信息技术有限公司,N,,2,程一笑,监事
2020-11-25,10512361,北京迦冠顶固家居用品有限公司,N,,1,汝艳芳,监事
2020-11-25,10512400,北京金塔金属材料厂,N,,2,李琦,监事
2020-11-25,10472917,北京金山安全软件有限公司,N,,3,刘伟,监事
2020-11-25,10512387,北京金港建设股份有限公司,N,,1,陈雪春,董事
2020-11-25,10512385,北京金都物资贸易有限公司天津分公司,N,,1,谢海,总经理
2020-11-25,10512493,北京鑫诺科捷商贸有限公司,N,,1,尚锐,监事
2020-11-25,10512434,北京铁路信号有限公司,N,,1,赵怀东,执行董事
2020-11-25,10512409,北京铭成嘉业科技发展有限公司,N,,2,王彦彬,"经理,执行董事"
2020-11-25,10893,北京银行股份有限公司,Y,601169,10,曾颖,监事会主席
2020-11-25,10893,北京银行股份有限公司,Y,601169,18,吴文杰,监事
2020-11-25,10512601,北京银都贵金属有限公司,N,,2,李颉,监事
2020-11-25,10276901,北京锐安科技有限公司,N,,7,刘晓彤,监事
2020-11-25,10512615,北京长得瑞华电子技术有限公司,N,,2,李泽多,监事
2020-11-25,10107537,北京阳光苑商业投资有限公司,N,,1,马先民,"经理,执行董事"
2020-11-25,10113015,北京隆轩橡塑有限公司,N,,1,赵忠军,董事长
2020-11-25,10398635,北京岱润霖科技发展股份有限公司,N,,3,黄秋堂,董事
2020-11-25,10512906,北京市京东大有建材公司,N,,1,李凤瑞,经理
2020-11-25,10512904,北京市建雄建筑集团有限公司,N,,1,刘泽华,监事
2020-11-25,10512899,北京市第三建筑工程有限公司,N,,5,吴赞,监事会主席
2020-11-25,10512911,北京市设备安装工程集团有限公司,N,,7,王国辉,副董事长
2020-11-25,10275636,北京市轨道交通建设管理有限公司,N,,6,徐风,监事
2020-11-25,10275636,北京市轨道交通建设管理有限公司,N,,13,张宇,董事
2020-11-25,10479598,北京广利核系统工程有限公司,N,,7,陈启明,董事长
2020-11-25,10120014,北京康孚科技股份有限公司,Y,430209,4,曹万生,董事
2020-11-25,10512541,北京康必得药业有限公司,N,,2,韩学义,董事
2020-11-25,10334225,北京康拓科技有限公司,N,,4,孙宇智,董事
2020-11-25,10512370,北京建工四建工程建设有限公司,N,,2,孙振泉,董事长
2020-11-25,106902,北京建工集团有限责任公司,N,,3,孙卫宏,董事
2020-11-25,106902,北京建工集团有限责任公司,N,,10,裴英,监事
2020-11-25,10512372,北京建生药业有限公司,N,,1,吴改茹,监事
2020-11-25,10318664,北京当乐信息技术有限公司,N,,4,张俊彦,董事
2020-11-25,10512451,北京微纳星科技有限公司,N,,2,杜占坤,董事
2020-11-25,10512281,北京德昌恒通贸易有限公司,N,,1,王德芬,监事
2020-11-25,10512283,北京德睿康智能设备有限公司,N,,2,李兆强,监事
2020-11-25,10512594,北京怡美通德科技发展有限公司,N,,2,张立永,"经理,执行董事"
2020-11-25,10512347,北京恒美广告有限公司,N,,5,安东尼·哈拉丁,董事长
2020-11-25,10512455,北京惟望科技发展公司,N,,1,靳朝晖,其他人员
2020-11-25,10512599,北京意厉维纺织品有限公司,N,,2,张宁,监事
2020-11-25,10512617,北京振兴宏达工贸有限公司,N,,2,张凤霞,监事
2020-11-25,10512427,北京搜狗信息服务有限公司,N,,3,梁凤霞,董事
2020-11-25,10512917,北京数据星空科技有限公司,N,,2,乔俊,监事
2020-11-25,10512484,北京新彩量科技有限公司,N,,1,谷红亮,"经理,执行董事"
2020-11-25,10478002,北京新源国能科技集团股份有限公司,N,,1,张旭兵,董事长
2020-11-25,10512489,北京新能源汽车股份有限公司青岛分公司,N,,1,王庆洲,负责人
2020-11-25,10512585,北京旭阳宏业化工有限公司,N,,3,杨雪岗,执行董事
2020-11-25,10461165,北京昌平科技园发展有限公司,N,,1,黄淼,监事
2020-11-25,10461165,北京昌平科技园发展有限公司,N,,9,王颖,董事
2020-11-25,10512596,北京易橙天下科技有限公司,N,,3,李家国,监事
2020-11-25,10512581,北京星杰生商行,N,,1,刘新良,"执行董事,总经理"
2020-11-25,102994,北京晓程科技股份有限公司,Y,300139,1,程毅,"董事长,经理"
2020-11-25,102994,北京晓程科技股份有限公司,Y,300139,9,潘丽峰,监事
2020-11-25,10512524,北京景志豪业商贸有限责任公司,N,,1,郭爱芬,监事
2020-11-25,10512620,北京智瑀建设工程有限公司,N,,1,刘夕志,执行董事
2020-11-25,10499334,北京智芯微电子科技有限公司,N,,7,王磊,董事
2020-11-25,10512549,北京朗程科讯科技有限公司,N,,1,刘娇,监事
2020-11-25,104701,北京朝歌数码科技股份有限公司,Y,874101,5,方巍,董事
2020-11-25,10512410,北京木村纸业有限公司,N,,4,汪锐,董事
2020-11-25,10512378,北京杰元建筑装饰工程有限公司,N,,2,袁强,"执行董事,总经理"
2020-11-25,10512314,北京极速飞翔体育用品有限公司,N,,2,张友评,"经理,执行董事"
2020-11-25,10423220,北京格林雷斯环保科技有限公司,N,,4,王敏卫,董事
2020-11-25,10512265,北京欢乐嘉娱文化投资有限公司,N,,2,黄建民,监事
2020-11-25,10512618,北京正源仓储有限责任公司,N,,5,张伟娟,董事
2020-11-25,10516668,开平市三威微电机有限公司,N,,7,赵绍平,董事
2020-11-25,104175,开源证券股份有限公司,N,,1,李刚,董事长
2020-11-25,104175,开源证券股份有限公司,N,,8,李盈斌,董事
2020-11-25,104175,开源证券股份有限公司,N,,14,李婵娟,监事
2020-11-25,10522505,张家口国储能源物流有限公司,N,,3,姜鹏,监事
2020-11-25,10522496,张家港中集圣达因低温装备有限公司,N,,5,赖泽侨,董事
2020-11-25,10522474,张家港保税区兰富达贸易有限公司,N,,2,刘建华,监事
2020-11-25,10522198,张家港保税区大德新福珠宝金行有限公司,N,,1,黄绍基,总经理
2020-11-25,10522205,张家港保税区宏樱顺国际贸易有限公司,N,,2,钱春兰,监事
2020-11-25,10522199,张家港保税区德威进出口贸易有限公司,N,,2,何周红,执行董事兼总经理
2020-11-25,10522473,张家港保税区玖盛利华贸易有限公司,N,,2,苏利锋,监事
2020-11-25,10501693,天津泰达燃气有限责任公司,N,,1,张卫民,董事长
2020-11-25,10508541,天津泰达绿化集团有限公司,N,,1,孙静,董事
2020-11-25,10519386,天津泰达能源发展有限责任公司,N,,2,杜明,监事
2020-11-25,10112785,天津泰达能源集团有限公司,N,,8,刘琦,监事
2020-11-25,10519288,天津津河电工有限公司,N,,5,王晔,董事
2020-11-25,10519287,天津津滨威立雅水业有限公司,N,,4,祝俊岚,董事
2020-11-25,10519267,天津浩奇明圣科贸有限公司,N,,2,李世良,"经理,执行董事"
2020-11-25,10519232,天津渤海中联石油科技有限公司,N,,1,袁继存,监事
2020-11-25,10519262,天津港首农食品进出口贸易有限公司,N,,6,於加勇,董事长
2020-11-25,10385094,天津物产九江国际贸易有限公司,N,,4,张榕,董事
2020-11-25,10346079,天津物产进出口贸易有限公司,N,,2,陈磊,董事
2020-11-25,10519498,天津益博盛凯建筑工程有限公司,N,,1,尹志强,监事
2020-11-25,10493579,天津碧海海绵城市有限公司,N,,7,王东来,董事
2020-11-25,10519300,天津绿境水务有限责任公司,N,,5,王华超,董事
2020-11-25,10519493,天津耀皮玻璃有限公司,N,,5,田力,总经理
2020-11-25,10519309,天津荣程祥国际贸易有限公司,N,,3,张立华,执行董事
2020-11-25,10519269,天津衡信科技发展有限公司,N,,2,孙田彧,监事
2020-11-25,10519490,天津轩坤能源科技有限公司,N,,2,石春新,监事
2020-11-25,10519066,山东信发进出口有限公司,N,,2,杨希华,监事
2020-11-25,10518370,山东军胜化工集团有限公司,N,,2,王炳南,执行董事
2020-11-25,10518326,山东冠洲股份有限公司,N,,4,王子民,董事
2020-11-25,10518325,山东冠洲鼎鑫板材科技有限公司,N,,2,张昭,董事长兼总经理
2020-11-25,10309720,山东凯马汽车制造有限公司,N,,3,刘东祥,董事
2020-11-25,10309720,山东凯马汽车制造有限公司,N,,11,范弘斐,董事长
2020-11-25,10518295,山东创新工贸有限公司,N,,3,孙曙光,执行董事
2020-11-25,10309734,山东华宇合金材料有限公司,N,,1,陶甫伦,监事
2020-11-25,10122744,山东华建铝业集团有限公司,N,,2,李本岗,经理
2020-11-25,10518342,山东华星石油化工集团有限公司,N,,7,尹鲁江,董事
2020-11-25,10186241,山东华聚能源股份有限公司,N,,2,刘玉奉,董事
2020-11-25,10518340,山东华鲁制药有限公司,N,,2,谢遵强,监事
2020-11-25,10518339,山东华鲁国际贸易有限公司,N,,1,战晓妮,董事
2020-11-25,105790,山东华鲁恒升化工股份有限公司,Y,600426,5,王元仁,董事
2020-11-25,105790,山东华鲁恒升化工股份有限公司,Y,600426,13,曹一平,董事
2020-11-25,10366134,山东南山智尚科技股份有限公司,Y,300918,8,宋军,董事
2020-11-25,105895,山东南山铝业股份有限公司,Y,600219,3,韩艳红,董事
2020-11-25,105895,山东南山铝业股份有限公司,Y,600219,10,吕正风,董事兼总经理
2020-11-25,10750,山东博汇纸业股份有限公司,Y,600966,4,李刚,董事长兼总经理
2020-11-25,10513996,广东中烟工业有限责任公司,N,,8,王文祥,职工董事
2020-11-25,10513993,广东中石油昆仑液化气有限公司,N,,5,马俊文,监事
2020-11-25,10310214,广东中轻糖业集团有限公司,N,,4,张友璞,董事
2020-11-25,10109273,广东九州通医药有限公司,N,,2,陈亚钢,监事
2020-11-25,10186251,广东九联科技股份有限公司,Y,688609,7,林榕,董事
2020-11-25,10513986,广东云山汽车有限公司,N,,4,陈敏康,董事
2020-11-25,10513970,广东五华二建工程有限公司,N,,7,周小彬,监事
2020-11-25,10513981,广东亿安仓供应链科技有限公司,N,,1,肇敏,"执行董事,经理"
2020-11-25,10382240,广东信宇科技股份有限公司,N,,5,陈彩霞,股东代表董事
2020-11-25,10149338,广东利扬芯片测试股份有限公司,Y,688135,3,徐杰锋,监事
2020-11-25,10149338,广东利扬芯片测试股份有限公司,Y,688135,10,游海龙,董事
2020-11-25,10513742,广东利通管道科技有限公司,N,,6,刘志坚,职工监事
2020-11-25,10513695,广东华方工程设计有限公司,N,,2,刘玉华,监事
2020-11-25,10513750,广东南粤物流实业有限公司,N,,1,黄志军,董事
2020-11-25,10513749,广东南蒲糖纸有限公司,N,,2,林继任,监事
2020-11-25,10513685,广东合和建筑五金制品有限公司,N,,1,谢少颜,"执行董事,总经理"
2020-11-25,10513560,广东地方铁路物资有限责任公司,N,,5,王青,职工监事
2020-11-25,10522481,张家港凯思半导体有限公司,N,,1,蔡云波,"执行董事,总经理"
2020-11-25,10522195,张家港宝晶玻璃科技有限公司,N,,1,秦俊花,"执行董事,总经理"
2020-11-25,10307906,张家港市江南锅炉压力容器有限公司,N,,3,周立忠,董事
2020-11-25,10307906,张家港市江南锅炉压力容器有限公司,N,,11,卞祥华,监事
2020-11-25,10307919,张家港扬子纺纱有限公司,N,,6,Robert Hans Seibold（罗伯特&#8226;汉斯&#8226;赛博尔德）,董事
2020-11-25,10522504,张家界中国旅行社股份有限公司,N,,6,赵德宝,监事
2020-11-25,10522497,张家界冰雪世界旅游发展有限公司,N,,2,孙本为,董事
2020-11-25,10522500,张家界康泰国际旅行社有限公司,N,,1,谷忠银,执行董事兼总经理
2020-11-25,10522501,张家界纳百利国际旅行社股份有限公司,N,,8,唐洪,监事
2020-11-25,10513117,当雄县富民国有矿业有限公司,N,,8,格桑德吉,董事
2020-11-25,10521001,深圳华强九阳网络技术有限公司,N,,3,阎志亮,执行董事
2020-11-25,10521039,深圳南港动力工程有限公司,N,,1,沈群,董事长
2020-11-25,10521096,深圳吉恩镍业有限公司,N,,1,李占军,"执行董事,总经理"
2020-11-25,10519640,深圳国人通信股份有限公司,N,,8,涂仕娣,监事
2020-11-25,10315892,深圳大宇精雕科技有限公司,N,,5,吕延安,董事
2020-11-25,10371034,深圳市三新房地产开发有限公司,N,,1,袁志强,执行董事
2020-11-25,10418841,深圳市上山化工股份有限公司,N,,7,林海望,董事
2020-11-25,10518945,深圳市世纪通供应链股份有限公司,N,,4,张宗菊,董事
2020-11-25,10516424,晋江东骏鞋材有限公司,N,,1,黄继生,监事
2020-11-25,10516430,晋源实业有限公司,N,,2,郭晓燕,董事长
2020-11-25,10378650,晋豫鲁铁路通道股份有限公司,N,,3,彭光辉,副总经理
2020-11-25,10378650,晋豫鲁铁路通道股份有限公司,N,,12,江涛,副总经理
2020-11-25,10519221,晟视天下资产管理有限公司,N,,1,李楠,"执行董事,总经理"
2020-11-25,10379165,普天国际贸易有限公司,N,,1,苏文宇,经理
2020-11-25,10516581,景德镇陶阳置业有限公司,N,,1,王海涛,监事
2020-11-25,10508897,景谷永恒木业有限公司,N,,2,姜军,"执行董事,总经理"
2020-11-25,10444938,晶科电力科技股份有限公司,Y,601778,9,曹海云,监事会主席
2020-11-25,10519715,曙光控股集团有限公司,N,,1,林华清,监事
2020-11-25,10519715,曙光控股集团有限公司,N,,9,林仁辉,监事
2020-11-25,10518092,曲阜信多达智能科技有限公司,N,,3,曹军,监事
2020-11-25,10518093,曲靖市城市供排水总公司,N,,1,晏周林,其他人员
2020-11-25,10519722,朔州市易元洗煤有限公司,N,,1,贺有义,执行董事
2020-11-25,10146089,朔黄铁路发展有限责任公司,N,,8,李永青,董事
2020-11-25,10146089,朔黄铁路发展有限责任公司,N,,15,刘晓东,监事
2020-11-25,10512690,朝阳金达钛业股份有限公司,N,,3,吴兴华,监事
2020-11-25,10512690,朝阳金达钛业股份有限公司,N,,12,王选友,监事会主席
2020-11-25,10512647,本溪北台铸管股份有限公司,N,,6,薛向伟,监事
2020-11-25,10516067,江苏扬阳化工设备制造有限公司,N,,3,陈蓉,董事
2020-11-25,10114584,江苏捷诚车载电子信息工程有限公司,N,,1,杜广烨,董事
2020-11-25,10114584,江苏捷诚车载电子信息工程有限公司,N,,9,余建庚,董事
2020-11-25,10102161,江苏新世纪江南环保股份有限公司,N,,2,简开忠,董事长
2020-11-25,10100535,江苏新扬子造船有限公司,N,,1,任乐天,董事长
2020-11-25,10516054,江苏新核合金科技有限公司,N,,2,邵兴明,监事
2020-11-25,10329711,江苏新海发电有限公司,N,,7,胡海林,董事
2020-11-25,10516055,江苏新纪元公用事业建设有限公司,N,,2,方炜,董事
2020-11-25,10516057,江苏新蕾麦芽有限公司,N,,1,费晖,执行董事兼总经理
2020-11-25,10120863,江苏方洋集团有限公司,N,,8,张永慧,监事主席
2020-11-25,10516076,江苏易安住工建筑科技有限公司,N,,3,高宝俭,董事
2020-11-25,10419576,江苏春兰机械制造有限公司,N,,6,秦晓军,董事
2020-11-25,10329739,江苏春兰电子商务有限公司,N,,4,柴宁泰,监事
2020-11-25,10136010,江苏春兰空调设备有限公司,N,,5,陈伟,董事
2020-11-25,10515641,江苏春兰进出口有限公司,N,,5,高元甲,总经理
2020-11-25,10138243,江苏春辉生态农林股份有限公司,N,,7,石玲丽,职工代表监事
2020-11-25,10515635,江苏本色建设工程有限公司,N,,1,罗文强,"执行董事,总经理"
2020-11-25,10748,江苏林洋能源股份有限公司,Y,601222,8,蔡克亮,董事
2020-11-25,10514886,河北东华冀衡化工有限公司,N,,12,王秀文,监事
2020-11-25,10514887,河北东森电子科技有限公司,N,,1,边国辉,"董事长,经理"
2020-11-25,10514947,河北中兴电力装备有限责任公司,N,,6,李金珠,董事
2020-11-25,10514945,河北中凯建设工程有限公司,N,,4,石喜昌,总经理
2020-11-25,10514888,河北丰收文化传播有限公司,N,,1,李雪飞,"经理,执行董事"
2020-11-25,10514908,河北健源医药有限公司,N,,1,雷贺,监事
2020-11-25,10317832,河北兴泰发电有限责任公司,N,,4,黄云龙,董事
2020-11-25,10317832,河北兴泰发电有限责任公司,N,,12,黄文葆,副董事长
2020-11-25,10514897,河北华北石油荣盛机械制造有限公司,N,,1,苏尚文,"董事长,总经理"
2020-11-25,10514897,河北华北石油荣盛机械制造有限公司,N,,11,廖伟恒,"董事,副总经理"
2020-11-25,10514898,河北华电石家庄鹿华热电有限公司,N,,4,蔡晓艺,监事
2020-11-25,10489738,宁波菲仕技术股份有限公司,N,,7,王敏,监事
2020-11-25,10518393,山东路达再生科技有限公司,N,,4,张国强,董事
2020-11-25,10518300,山东道恩润禾电力燃料有限公司,N,,2,刘伟,董事长
2020-11-25,10518364,山东金升有色集团有限公司,N,,3,李宗景,监事
2020-11-25,10208822,山东金岭化工股份有限公司,N,,4,李敬军,监事
2020-11-25,10515630,江苏阿里斯木业有限公司,N,,1,周金伟,执行董事兼总经理
2020-11-25,10516081,江苏雨花钢铁有限公司,N,,7,周光明,董事长
2020-11-25,10516170,江苏顺风新能源科技有限公司,N,,5,张伏波,董事长
2020-11-25,10347594,江苏高速公路联网营运管理有限公司,N,,9,梅松,董事
2020-11-25,10347594,江苏高速公路联网营运管理有限公司,N,,18,宋忠义,监事
2020-11-25,10347594,江苏高速公路联网营运管理有限公司,N,,28,陈斌,监事
2020-11-25,10515755,江苏鸿轩生态农业有限公司,N,,4,居凡,监事
2020-11-25,10369727,江苏鼎胜新能源材料股份有限公司,Y,603876,1,许光明,董事
2020-11-25,10369727,江苏鼎胜新能源材料股份有限公司,Y,603876,10,卢春泉,董事
2020-11-25,10516253,江西一元再生资源有限公司,N,,4,王金虎,董事长
2020-11-25,10516182,江西东晟建设工程有限公司,N,,2,俞慧玲,"执行董事,总经理"
2020-11-25,10516303,江西中烟工业有限责任公司,N,,4,秦剑,董事
2020-11-25,10516199,江西临川建设集团有限公司,N,,5,彭上飞,监事会主席
2020-11-25,10516202,江西南方水泥有限公司,N,,2,汪东顺,"董事,总经理"
2020-11-25,10202757,江西合力泰科技有限公司,N,,4,尹宪章,监事会主席
2020-11-25,10328887,河南神马尼龙化工有限责任公司,N,,10,王贺甫,董事
2020-11-25,10107193,河南神马氯碱发展有限责任公司,N,,6,袁宏伟,董事兼总经理
2020-11-25,10503097,河南禹亳铁路发展有限公司,N,,8,鲁献军,监事
2020-11-25,10503097,河南禹亳铁路发展有限公司,N,,16,祁斌,监事
2020-11-25,10514984,河南科源电子铝箔有限公司,N,,6,王翔宇,董事
2020-11-25,10514989,河南能信热电有限公司,N,,6,李付杰,董事
2020-11-25,10514989,河南能信热电有限公司,N,,14,邢宁,监事
2020-11-25,10514991,河南能源化工集团鹤壁煤化工有限公司,N,,3,刘振梁,监事
2020-11-25,10514985,河南蓝天鹤化工科技有限公司,N,,1,焦昆,执行董事兼总经理
2020-11-25,106321,河南豫光金铅股份有限公司,Y,600531,7,陈丽京,董事
2020-11-25,106321,河南豫光金铅股份有限公司,Y,600531,14,孙兴雷,监事
2020-11-25,10327004,河南豫光锌业有限公司,N,,3,张小国,董事
2020-11-25,10515035,河南豫安信息系统工程有限公司,N,,2,杨文先,执行董事兼总经理
2020-11-25,10515028,河南鑫金汇不锈钢产业有限公司,N,,2,尚学岭,董事长
2020-11-25,10514995,河南青联建设投资集团有限公司,N,,2,彭全秀,监事
2020-11-25,105838,河南黄河旋风股份有限公司,Y,600172,7,郭会,董事
2020-11-25,10327035,河南龙大牧原肉食品有限公司,N,,2,曹治年,董事
2020-11-25,10515043,河曲县经纬塑编有限公司,N,,1,邬文斌,执行董事
2020-11-25,10521057,深圳市白坭坑股份合作公司,N,,5,刘子洪,监事
2020-11-25,10521059,深圳市百世特实业发展有限公司,N,,2,陈晓梅,"执行董事,总经理"
2020-11-25,10518940,深圳市盛博科技嵌入式计算机有限公司,N,,4,范黎明,监事
2020-11-25,10518984,深圳市研祥新特科技有限公司,N,,1,陈志列,"执行董事,总经理"
2020-11-25,10518939,深圳市神舟创新科技有限公司,N,,1,李引,副董事长
2020-11-25,10521094,深圳市福科思灯光设计有限公司,N,,2,肖兴兰,监事
2020-11-25,10323057,深圳市科之谷投资有限公司,N,,3,鲍小利,董事
2020-11-25,10518895,深圳市科聚新材料有限公司,N,,1,徐贺永,"执行董事,总经理"
2020-11-25,10139359,深圳市科达利实业股份有限公司,Y,002850,6,励建立,董事长
2020-11-25,10318577,深圳市空港油料有限公司,N,,4,龚磊,监事
2020-11-25,10518903,深圳市立尔讯科技有限公司,N,,2,蒲恒,"执行董事,总经理"
2020-11-25,10521081,深圳市第一建筑工程有限公司,N,,8,刘刚根,董事
2020-11-25,10518910,深圳市绿膳谷农业创新发展有限公司,N,,2,肖贵忠,监事
2020-11-25,10518913,深圳市美百年商业管理有限公司,N,,3,陶伟,总经理
2020-11-25,10459677,深圳市腾讯计算机系统有限公司,N,,2,卢山,董事
2020-11-25,10518946,深圳市舒服家清洁有限公司,N,,2,唐金香,"执行董事,总经理"
2020-11-25,10514178,桂林双合饰品有限公司,N,,1,何方县,董事长
2020-11-25,10514174,桂林市金天下国际旅游有限公司,N,,2,赵军华,执行董事兼总经理
2020-11-25,10514169,桂林江山国际旅行社有限责任公司,N,,1,刘少斌,监事
2020-11-25,10364373,桂林长海科技有限责任公司,N,,5,于吉永,董事
2020-11-25,10514170,桂林骏达运输股份有限公司,N,,3,王勇,董事
2020-11-25,10519591,桐梓县恒通工贸有限公司,N,,1,田毅,监事
2020-11-25,10516863,梅州市多精彩电子科技有限公司,N,,2,刘紫媛,监事
2020-11-25,10516892,梅州粤海水务有限公司,N,,2,潭奇峰,董事
2020-11-25,10115,梅花生物科技集团股份有限公司,Y,600873,3,郭春明,其他人员
2020-11-25,10517746,森鹤乐器股份有限公司,N,,1,陈科人,监事
2020-11-25,10189574,植瑞投资管理有限公司,N,,1,宋金达,监事
2020-11-25,10106938,楚天科技股份有限公司,Y,300358,7,唐岳,董事长兼总经理
2020-11-25,10146042,楚源高新科技集团股份有限公司,N,,2,李丰,董事
2020-11-25,10146042,楚源高新科技集团股份有限公司,N,,11,王凤国,监事
2020-11-25,10521143,榆林市正泰民爆物品专营有限公司,N,,5,李小平,董事
2020-11-25,101596,横店集团东磁股份有限公司,Y,002056,2,任海亮,董事兼总经理
2020-11-25,104997,欣旺达电子股份有限公司,Y,300207,1,王威,"董事,董事长,总经理"
2020-11-25,10517485,欧贝黎新能源科技股份有限公司,N,,1,储佰红,董事
2020-11-25,10443199,江西合纵锂业科技有限公司,N,,8,王国平,监事
2020-11-25,10335301,江西大唐国际抚州发电有限责任公司,N,,2,梁春辉,董事
2020-11-25,10516246,江西威源民爆器材有限责任公司,N,,2,万里红,执行董事
2020-11-25,10516188,江西宏宇能源发展有限公司,N,,7,梁正华,董事长
2020-11-25,10409275,江西广信新材料股份有限公司,N,,1,饶小萍,董事
2020-11-25,10516196,江西康力药品物流有限公司,N,,1,周艳敏,"执行董事,总经理"
2020-11-25,10516249,江西新正耀科技有限公司,N,,3,刘召平,监事
2020-11-25,10516248,江西新源燃料有限公司,N,,3,杨晓军,董事长
2020-11-25,10355072,珠海保税区摩天宇航空发动机维修有限公司,N,,8,叶婕,董事
2020-11-25,10456188,珠海华丰纸业有限公司,N,,1,陈龙,监事
2020-11-25,10522304,珠海博实石化有限公司,N,,1,朱志红,执行董事兼经理
2020-11-25,10355099,珠海可口可乐饮料有限公司,N,,7,曹剑宏,"董事,总经理"
2020-11-25,10522314,珠海市嘉顺建筑工程有限公司,N,,1,陈年球,董事长
2020-11-25,10521780,珠海市科立鑫金属材料有限公司,N,,2,陶静宇,董事
2020-11-25,10270119,珠海市蓝海之略医疗股份有限公司,N,,6,陈洁琴,董事
2020-11-25,10443599,珠海市魅族科技有限公司,N,,6,戚为民,董事
2020-11-25,10521785,珠海悦华石油化工有限公司,N,,1,王人初,董事长兼总经理
2020-11-25,10356861,珠海格力新元电子有限公司,N,,4,袁伟刚,"董事,总经理"
2020-11-25,101713,珠海格力电器股份有限公司,Y,000651,4,刘姝威,独立董事
2020-11-25,101713,珠海格力电器股份有限公司,Y,000651,12,黄辉,董事
2020-11-25,101713,珠海格力电器股份有限公司,Y,000651,19,鲁君四,董事
2020-11-25,10120153,珠海润都制药股份有限公司,Y,002923,10,由春燕,"董事,副总经理"
2020-11-25,10287672,苏州市轨道交通集团有限公司,N,,2,武建军,监事
2020-11-25,10287672,苏州市轨道交通集团有限公司,N,,11,陆文学,董事
2020-11-25,10522070,苏州怡天电子科技有限公司,N,,2,奚雅,监事
2020-11-25,10522056,苏州新宇世家钟表有限公司,N,,1,林福康,执行董事兼总经理
2020-11-25,10376590,苏州昊帆生物股份有限公司,Y,301393,6,朱勇,董事长兼总经理
2020-11-25,10102471,苏州柯利达装饰股份有限公司,Y,603828,5,刘晓一,董事
2020-11-25,10521901,苏州梯爱取开精密机械有限公司,N,,1,冯芳,监事
2020-11-25,10521918,苏州沃伦韦尔高新技术股份有限公司,N,,3,金容,董事
2020-11-25,10233175,苏州浩波科技股份有限公司,N,,3,徐嘉忆,董事
2020-11-25,10233175,苏州浩波科技股份有限公司,N,,10,曹乐,董事
2020-11-25,102428,苏州海陆重工股份有限公司,Y,002255,7,徐元生,董事长兼总经理
2020-11-25,10520447,苏州海顺塑胶机电有限公司,N,,2,戴棣,监事
2020-11-25,10521802,苏州瑞至通建筑科技有限公司,N,,5,季磊,监事
2020-11-25,10144283,苏州禾昌聚合材料股份有限公司,Y,832089,1,陈晓燕,监事
2020-11-25,10119829,苏州科达科技股份有限公司,Y,603660,1,郑学君,监事
2020-11-25,10119829,苏州科达科技股份有限公司,Y,603660,9,李培峰,董事
2020-11-25,10520398,苏州第一建筑集团有限公司,N,,8,方韧,董事
2020-11-25,10520398,苏州第一建筑集团有限公司,N,,16,朱云峰,董事
2020-11-25,105445,哈尔滨东安汽车动力股份有限公司,Y,600178,9,孙岩,董事
2020-11-25,10298200,哈尔滨东安汽车发动机制造有限公司,N,,5,郭念,董事
2020-11-25,10514739,哈尔滨东轻特种材料有限责任公司,N,,1,王凤玲,董事
2020-11-25,10514739,哈尔滨东轻特种材料有限责任公司,N,,10,吴克明,董事
2020-11-25,10514767,哈尔滨亿松商贸有限公司,N,,2,吴翠然,监事
2020-11-25,10100765,哈尔滨博实自动化股份有限公司,Y,002698,6,邓喜军,董事长兼总经理
2020-11-25,10514746,哈尔滨哈耐力汽车减震器制造有限公司,N,,3,丁洪梅,董事
2020-11-25,10514744,哈尔滨国力电气有限公司,N,,5,皇甫长滨,监事
2020-11-25,10514765,哈尔滨市鑫河清洁燃料有限公司,N,,2,王晓光,监事
2020-11-25,10514763,哈尔滨市龙生北药生物工程股份有限公司,N,,4,邵广红,董事
2020-11-25,10371702,哈尔滨电机厂有限责任公司,N,,1,许瑛,董事
2020-11-25,10371702,哈尔滨电机厂有限责任公司,N,,8,王贵,董事长
2020-11-25,10514748,哈尔滨赫洋科技开发有限公司,N,,2,王道静,执行董事兼总经理
2020-11-25,105565,哈尔滨银行股份有限公司,Y,06138,7,宋振雷,监事
2020-11-25,105565,哈尔滨银行股份有限公司,Y,06138,15,郭志文,董事长
2020-11-25,10514743,哈尔滨锅炉厂有限责任公司,N,,7,朱新华,监事
2020-11-25,10514749,哈尔滨骏千投资有限公司,N,,2,武秀荣,监事
2020-11-25,10110933,唐山三友硅业有限责任公司,N,,6,刘彬,董事
2020-11-25,10308178,唐山三友远达纤维有限公司,N,,5,李铭远,董事
2020-11-25,10110934,唐山三友集团兴达化纤有限公司,N,,3,么志高,董事
2020-11-25,10110934,唐山三友集团兴达化纤有限公司,N,,12,曹东发,监事
2020-11-25,10308180,唐山不锈钢有限责任公司,N,,9,李芝红,监事
2020-11-25,10443497,唐山中厚板材有限公司,N,,3,刘文丰,"副董事长,总经理"
2020-11-25,10443497,唐山中厚板材有限公司,N,,12,郭邵军,监事
2020-11-25,10107284,唐山中润煤化工有限公司,N,,7,宁利民,"副董事长,总经理"
2020-11-25,10523129,唐山利民建筑工程有限责任公司,N,,3,张连峰,监事
2020-11-25,10523153,唐山市丰南区经安钢铁有限公司,N,,1,毕胜友,监事
2020-11-25,10519185,唐山市古冶区古兴投资有限公司,N,,7,裴得胜,"董事长,经理"
2020-11-25,10519190,唐山市荣义炼焦制气有限公司,N,,1,胡久慧,执行董事
2020-11-25,10523152,唐山市辰辉建材有限公司,N,,2,杨翠伶,"执行董事,总经理"
2020-11-25,10104765,唐山时创高温材料股份有限公司,N,,1,ANDREA PERFETTI,董事
2020-11-25,10523111,唐山泓泰水泥有限公司,N,,1,姜海东,"经理,执行董事"
2020-11-25,10992,唐山港集团股份有限公司,Y,601000,7,李建振,董事
2020-11-25,10992,唐山港集团股份有限公司,Y,601000,14,高海英,监事
2020-11-25,10992,唐山港集团股份有限公司,Y,601000,21,孟玉梅,董事
2020-11-25,10519196,唐山燕山钢铁有限公司,N,,1,张海,董事
2020-11-25,10519196,唐山燕山钢铁有限公司,N,,7,王树立,董事长
2020-11-25,10523101,唐山爱信齿轮有限责任公司,N,,8,日下幸喜,监事
2020-11-25,10519197,唐山重型装备集团有限责任公司,N,,5,曹建新,董事
2020-11-25,10523126,唐山金信新能源科技有限公司,N,,1,谷振雨,监事
2020-11-25,10523524,唐山钢铁集团有限责任公司,N,,6,赵丽树,董事
2020-11-25,10516628,喀什光迅网络科技有限公司,N,,1,许龙玉,执行董事兼总经理
2020-11-25,10515570,嘉兴巨能机械制造有限公司,N,,2,陈思嘉,监事
2020-11-25,10515475,合肥高新城创建设投资有限公司,N,,1,冯铁,监事
2020-11-25,10516500,吉化集团吉林市北方建设有限责任公司,N,,3,刘伟立,董事长
2020-11-25,10516500,吉化集团吉林市北方建设有限责任公司,N,,11,温继刚,监事
2020-11-25,10516562,吉林中粮生化能源销售有限公司,N,,2,高峰,董事
2020-11-25,10147934,吉林亚融科技股份有限公司,N,,5,孙凤霞,监事
2020-11-25,10428867,吉林凯莱英医药化学有限公司,N,,2,杨蕊,董事
2020-11-25,102343,吉林化纤股份有限公司,Y,000420,5,曲大军,监事
2020-11-25,102343,吉林化纤股份有限公司,Y,000420,13,周国利,监事
2020-11-25,10277470,吉林北沙制药有限公司,N,,3,张杰,董事
2020-11-25,105125,吉林华微电子股份有限公司,Y,600360,6,聂嘉宏,董事
2020-11-25,10516506,吉林吉化华强建设有限责任公司,N,,5,冯树山,董事
2020-11-25,107466,吉林市城市建设控股集团有限公司,N,,2,任志杰,监事长
2020-11-25,107466,吉林市城市建设控股集团有限公司,N,,11,董洪印,董事长
2020-11-25,10516553,吉林市高通工贸有限公司,N,,2,曾悦庭,
2020-11-25,10516501,吉林板庙子矿业有限公司,N,,4,林显永,董事
2020-11-25,10516507,吉林津升制药有限公司,N,,3,田嘉兴,董事长兼总经理
2020-11-25,10516505,吉林海通制药有限公司,N,,7,刘彦青,董事
2020-11-25,10516557,吉林炭素有限公司,N,,3,付强,董事
2020-11-25,10516560,吉林烟草工业有限责任公司,N,,3,丁昌禄,董事
2020-11-25,10516504,吉林电力股份有限公司燃料分公司,N,,1,张德君,
2020-11-25,10516549,吉林省中安移动通信设备有限公司,N,,1,贾山,监事
2020-11-25,10516550,吉林省中部城市供水股份有限公司,N,,6,吕刚,董事长
2020-11-25,10516540,吉林省九新实业集团化工有限公司,N,,6,张华,监事
2020-11-25,10516538,吉林省华兴工程建设集团有限公司,N,,8,张文龙,董事
2020-11-25,10516534,吉林省国迈网络科技有限责任公司,N,,1,赵罡,"执行董事,总经理"
2020-11-25,10516509,吉林省地矿建设集团有限公司,N,,10,韩明泽,监事
2020-11-25,10516545,吉林省旅游集团有限责任公司紫荆花饭店,N,,1,黄晓红,
2020-11-25,10130473,吉林省煤业集团有限公司,N,,4,栾延斌,监事
2020-11-25,10130473,吉林省煤业集团有限公司,N,,11,李国栋,监事
2020-11-25,10516548,吉林省鑫谷信息技术工程有限公司,N,,3,马万军,执行董事兼总经理
2020-11-25,107038,吉林省高速公路集团有限公司,N,,4,蒋涛,监事
2020-11-25,107038,吉林省高速公路集团有限公司,N,,11,张继,监事长
2020-11-25,10277559,吉林碧水源水务科技有限公司,N,,4,刘振国,董事长
2020-11-25,107396,山东金晶科技股份有限公司,Y,600586,3,曹庭发,董事兼总经理
2020-11-25,107396,山东金晶科技股份有限公司,Y,600586,12,姚明舒,监事
2020-11-25,10371715,山东金融资产交易中心有限公司,N,,6,胡建仓,监事
2020-11-25,10371715,山东金融资产交易中心有限公司,N,,14,胡晓蒙,监事
2020-11-25,10315996,山东金鼎矿业有限责任公司,N,,2,孙瑞斋,董事
2020-11-25,10108935,山东鑫海科技股份有限公司,N,,1,郑世飞,监事
2020-11-25,10518317,山东钢铁股份有限公司济南分公司,N,,1,徐有芳,负责人
2020-11-25,10518319,山东钢铁集团日照有限公司,N,,7,葛效瑾,董事
2020-11-25,105341,山东钢铁集团有限公司,N,,9,陈向阳,董事
2020-11-25,10316002,山东铁路投资控股集团有限公司,N,,1,王基全,董事兼总经理
2020-11-25,10519078,山东银澎云计算有限公司,N,,3,张立平,经理
2020-11-25,10384751,山东隆华新材料股份有限公司,Y,301149,6,谭香,董事
2020-11-25,10518387,山东隆盛钢铁有限公司,N,,6,孙玉利,董事
2020-11-25,10426124,山东雅百特科技有限公司,N,,2,王朝嫔,监事
2020-11-25,10500935,山东高速信息工程有限公司,N,,1,舒疆红,董事兼总经理
2020-11-25,10117544,广州农村商业银行股份有限公司,Y,01551;04618,8,易雪飞,董事兼总经理
2020-11-25,10117544,广州农村商业银行股份有限公司,Y,01551;04618,18,肖世练,监事
2020-11-25,10514265,广州北辰工业自动化有限公司,N,,1,周一夫,执行董事兼总经理
2020-11-25,10514266,广州博达机电设备有限公司,N,,1,朱玉,执行董事兼总经理
2020-11-25,10514324,广州启创置业有限公司,N,,3,汤文,董事
2020-11-25,10109234,广州启润纸业有限公司,N,,2,王洪磊,董事兼总经理
2020-11-25,10326651,广州地铁集团有限公司,N,,5,钟学军,董事
2020-11-25,10326651,广州地铁集团有限公司,N,,13,魏爱明,监事
2020-11-25,10514271,广州大广高速公路有限公司,N,,7,王强,董事
2020-11-25,10327216,广州天成医疗技术股份有限公司,N,,5,刘卫东,董事
2020-11-25,10514455,广州奕佳生物科技有限公司,N,,2,杨娟,执行董事兼总经理
2020-11-25,10142713,广州安必平医药科技股份有限公司,Y,688393,2,张丽君,董事
2020-11-25,10142713,广州安必平医药科技股份有限公司,Y,688393,11,王丹舟,董事
2020-11-25,103869,广州富力地产股份有限公司,Y,02777,5,张力,董事
2020-11-25,103869,广州富力地产股份有限公司,Y,02777,12,张辉,董事
2020-11-25,10486967,广州小米信息服务有限公司,N,,1,雷军,执行董事
2020-11-25,10514325,广州屈臣氏个人用品商店有限公司,N,,1,施熙德,董事
2020-11-25,10514277,广州工艺品进出口集团公司,N,,1,陈卓仁,经理
2020-11-25,10512806,成都龙星天然气有限责任公司,N,,6,安晓斌,董事
2020-11-25,10522180,扎兰屯市国森矿业有限责任公司,N,,2,寇元林,董事
2020-11-25,10522179,扎赉诺尔煤业有限责任公司,N,,2,马乡林,总经理
2020-11-25,10522182,扎鲁特旗星火运输有限责任公司,N,,6,王国刚,董事
2020-11-25,101257,扬子石油化工股份有限公司,N,,1,张大本,董事长
2020-11-25,101257,扬子石油化工股份有限公司,N,,9,王净依,监事主席
2020-11-25,10322780,扬州制药有限公司,N,,6,吴文格,董事长
2020-11-25,10520298,扬州天晟光电科技有限公司,N,,2,向红萍,监事
2020-11-25,10520295,扬州市广江资产经营管理有限公司,N,,6,施宝成,监事
2020-11-25,10385760,扬州市广陵新城投资发展集团有限公司,N,,6,吴勇,董事长
2020-11-25,10520023,扬州市江都区洪业汽车部件有限公司,N,,1,樊万顺,执行董事兼总经理
2020-11-25,10520021,扬州金元禧贵金属制品有限公司,N,,3,张奇云,执行董事
2020-11-25,10512970,承德亚欧果仁有限公司,N,,2,薛志强,监事
2020-11-25,10512965,承德利承建筑安装工程有限公司,N,,2,王玉生,监事
2020-11-25,10512968,承德天大钒业有限责任公司,N,,1,马英梁,董事
2020-11-25,10512967,承德天宝矿业集团有限公司,N,,4,杨魁忠,董事
2020-11-25,10512964,承德承钢商贸有限公司,N,,2,刘伟,"经理,执行董事"
2020-11-25,10322844,承德钢铁集团有限公司,N,,6,柳朝阳,董事
2020-11-25,10517271,宁波远大国际贸易有限公司,N,,2,赵炜,监事
2020-11-25,10517142,宁波金田电材有限公司,N,,1,丁军浩,执行董事兼总经理
2020-11-25,10325740,宁波金阳光电热科技有限公司,N,,3,刘锦源,监事
2020-11-25,10517060,宁波锋田化工有限责任公司,N,,1,吴意儿,监事
2020-11-25,10517057,宁波飞羚电气有限公司,N,,2,章仁法,"执行董事,总经理"
2020-11-25,10517121,宁波高新区开发投资有限公司,N,,1,楼人宁,监事
2020-11-25,10517162,宁波鸥江贸易有限公司,N,,2,徐巨凤,监事
2020-11-25,10517132,宁波鸿运纸业有限公司,N,,5,田帅,监事
2020-11-25,10517439,宁海县海洋经济投资发展有限公司,N,,6,梁拥军,董事
2020-11-25,10512075,安丘华润燃气有限公司,N,,1,仲伟轩,董事
2020-11-25,106035,安信证券股份有限公司,N,,2,王连志,"董事,总经理"
2020-11-25,106035,安信证券股份有限公司,N,,10,陈永东,监事
2020-11-25,10512377,安国市庆丰堂中药饮片有限公司,N,,2,张泽峰,"经理,执行董事"
2020-11-25,10512360,安德利集团兰州电器销售有限公司,N,,1,郑尧余,执行董事兼总经理
2020-11-25,10512015,安徽三新钟表有限公司,N,,2,李海蓉,监事
2020-11-25,10380929,安徽中环环保科技股份有限公司,Y,300692,6,李东,董事
2020-11-25,10439632,安徽亚兰德新能源材料股份有限公司,N,,2,陈晶光,董事
2020-11-25,10518321,山东高速物资储运有限公司,N,,2,徐明媚,监事
2020-11-25,10518320,山东高速石化有限公司,N,,8,杨军,副董事长
2020-11-25,106530,山东高速集团有限公司,N,,7,蒋鹏飞,监事
2020-11-25,106576,山东魏桥创业集团有限公司,N,,7,张敬雷,董事
2020-11-25,106576,山东魏桥创业集团有限公司,N,,14,刘凤海,董事
2020-11-25,10518392,山东鲁丽钢铁有限公司,N,,8,马清文,董事
2020-11-25,10316027,山东鲁信天一印务有限公司,N,,8,陈允东,董事
2020-11-25,10402918,山东鲁强电工科技股份有限公司,Y,870784,6,孔健,董事兼总经理
2020-11-25,10516241,江西晟轩建设发展有限公司,N,,3,徐国庆,"董事,总经理"
2020-11-25,10516194,江西晶昊盐化有限公司,N,,3,杨腊生,董事
2020-11-25,10516194,江西晶昊盐化有限公司,N,,11,徐晓峰,监事
2020-11-25,10516192,江西江能物贸有限公司,N,,4,朱立华,董事
2020-11-25,10469972,江西江铃底盘股份有限公司,N,,1,黄平辉,执行董事
2020-11-25,10516191,江西江铃李尔内饰系统有限公司,N,,8,邹仪玲,监事
2020-11-25,10469961,江西江铃进出口有限责任公司,N,,9,李小军,董事
2020-11-25,10143865,江西沃格光电股份有限公司,Y,603773,1,张迅,"董事,总经理"
2020-11-25,10143865,江西沃格光电股份有限公司,Y,603773,10,孔线宁,监事
2020-11-25,10516179,江西百盛中山城百货有限公司,N,,3,周嘉,董事
2020-11-25,101515,河钢股份有限公司,Y,000709,5,李毅仁,监事
2020-11-25,101515,河钢股份有限公司,Y,000709,12,朱华明,董事
2020-11-25,105213,河钢集团有限公司,N,,4,孔平,董事
2020-11-25,105213,河钢集团有限公司,N,,10,李贵阳,副董事长
2020-11-25,10514953,河间市大平獭兔养殖专业合作社,N,,2,王香表,
2020-11-25,10518098,泉州安通物流有限公司,N,,5,张承水,董事兼总经理
2020-11-25,10518099,泉州德化厦沙高速公路有限公司,N,,3,傅远辉,董事
2020-11-25,10513647,法尔胜集团进出口有限公司,N,,4,董东,董事长
2020-11-25,10523073,泰兴市扬子医药化工有限公司,N,,6,JEAN LOUIS CLAUDE MARTIN,董事
2020-11-25,10523066,泰宁县德胜木业有限公司,N,,2,丁得意,监事
2020-11-25,10523028,泰安市三利金属有限公司,N,,1,张永福,执行董事兼总经理
2020-11-25,10523022,泰安市东岳粮食储备有限公司,N,,7,崔红卫,董事
2020-11-25,10523018,泰安市岱岳区鑫鑫加油站,N,,1,张雪堂,负责人
2020-11-25,10523032,泰安市泰山城区热力有限公司,N,,5,卜静涛,监事长
2020-11-25,10523035,泰安鑫兴和经贸有限公司,N,,1,冯清利,执行董事兼经理
2020-11-25,10523075,泰州永兴合金材料科技有限公司,N,,6,邹峰,监事
2020-11-25,10557,泰格林纸集团股份有限公司,Y,600963,3,王环斌,董事
2020-11-25,10557,泰格林纸集团股份有限公司,Y,600963,10,李良英,董事
2020-11-25,10333397,深圳市苏宁易购销售有限公司,N,,2,戴冯军,"执行董事,总经理"
2020-11-25,10518928,深圳市荣建智能系统有限公司,N,,2,金凤兰,监事
2020-11-25,102755,深圳市赛为智能股份有限公司,Y,300044,1,方光明,董事
2020-11-25,102755,深圳市赛为智能股份有限公司,Y,300044,8,谢丽南,监事
2020-11-25,10405107,深圳市超频三科技股份有限公司,Y,300647,5,周志平,监事
2020-11-25,10521073,深圳市达意时装有限公司,N,,1,吴美莲,监事
2020-11-25,10518877,深圳市金佳业物业管理有限公司,N,,2,梁盟,监事
2020-11-25,10518875,深圳市金宝生珠宝首饰有限公司,N,,2,周翠华,监事
2020-11-25,10518880,深圳市金润建设工程有限公司,N,,3,林立智,总经理
2020-11-25,10102022,深圳市金立通信设备有限公司,N,,8,周志勇,董事
2020-11-25,10518976,深圳市鑫永诚光电科技有限公司,N,,2,吴伟,监事
2020-11-25,10518975,深圳市鑫锐塬科技有限公司,N,,2,刘晓聪,"执行董事,总经理"
2020-11-25,10408704,深圳市铂科新材料股份有限公司,Y,300811,5,单勇,董事
2020-11-25,10102479,深圳市银宝山新科技股份有限公司,Y,002786,2,陈晓焱,监事
2020-11-25,10102479,深圳市银宝山新科技股份有限公司,Y,002786,11,潘国庆,董事
2020-11-25,10345515,深圳市锐明技术股份有限公司,Y,002970,7,孙本源,董事
2020-11-25,10518985,深圳市阳光家园环保科技有限公司,N,,1,胡立章,监事
2020-11-25,10383079,正信光电科技股份有限公司,Y,838463,1,钱正,董事
2020-11-25,10383079,正信光电科技股份有限公司,Y,838463,9,仲正英,董事
2020-11-25,10485619,正太集团有限公司,N,,3,徐国银,董事
2020-11-25,10485619,正太集团有限公司,N,,10,黄进明,监事
2020-11-25,10521638,正泰国际工程有限公司,N,,3,陈成剑,董事长
2020-11-25,10221089,正泰电气股份有限公司,N,,7,汪进,董事
2020-11-25,10520267,武义绿禾苗木专业合作社,N,,1,沈国南,
2020-11-25,10115786,武昌船舶重工集团有限公司,N,,3,王国海,董事
2020-11-25,10115786,武昌船舶重工集团有限公司,N,,10,谷克超,董事
2020-11-25,105870,武汉三镇实业控股股份有限公司,Y,600168,5,汪胜,董事
2020-11-25,105870,武汉三镇实业控股股份有限公司,Y,600168,13,杨开,董事
2020-11-25,10520161,武汉中农国际贸易有限公司,N,,1,陈喜保,监事
2020-11-25,10520163,武汉中泽建安集团有限公司,N,,3,彭汉生,经理
2020-11-25,10117591,武汉人福药业有限责任公司,N,,1,郑承刚,董事
2020-11-25,10117591,武汉人福药业有限责任公司,N,,9,邓霞飞,董事长
2020-11-25,10120144,武汉保华石化新材料开发股份有限公司,N,,2,柯长荣,董事
2020-11-25,10520121,武汉兴得科技有限公司,N,,2,李金涛,监事
2020-11-25,10101951,武汉农村商业银行股份有限公司,N,,4,张向红,董事
2020-11-25,10101951,武汉农村商业银行股份有限公司,N,,13,刘雪萍,董事
2020-11-25,10101951,武汉农村商业银行股份有限公司,N,,22,刘聪,董事
2020-11-25,10516242,江西盛景新进出口有限公司,N,,2,盛景成,总经理
2020-11-25,10121327,江西省天然气集团有限公司,N,,3,刘伟伟,"董事,总经理"
2020-11-25,10106970,江西省盐业集团股份有限公司,Y,601065,2,吴军,董事
2020-11-25,10106970,江西省盐业集团股份有限公司,Y,601065,11,罗小平,董事
2020-11-25,10516235,江西省绿景建设工程有限公司,N,,2,叶平,监事
2020-11-25,10516247,江西祥威能源有限公司,N,,2,左威光,监事
2020-11-25,10516259,江西粤通实业有限公司,N,,1,江建军,监事
2020-11-25,10516200,江西绿阳林业有限公司,N,,5,龚富宝,监事
2020-11-25,10650,江西赛维LDK太阳能高科技有限公司,Y,LDK,4,李祎秋,总经理
2020-11-25,10516185,江西赣中煤炭储运有限责任公司,N,,8,文淮,董事
2020-11-25,102105,江西赣锋锂业股份有限公司,Y,002460;01772,6,李良彬,"董事长,总经理"
2020-11-25,10516193,江西金环颜料有限公司,N,,2,王又凡,"执行董事,总经理"
2020-11-25,10371516,吉林碳谷碳纤维股份有限公司,Y,836077,6,潘春玲,监事
2020-11-25,10428859,吉林精功碳纤维有限公司,N,,6,孙建江,董事长
2020-11-25,10516502,吉林诚众汽车零部件股份有限公司,N,,6,张传杰,董事
2020-11-25,101067,国网山东省电力公司,N,,1,钱平,董事
2020-11-25,10514426,国网山东省电力公司济宁供电公司,N,,1,李卫胜,总经理
2020-11-25,10136595,国网山西省电力公司,N,,4,李丹,董事
2020-11-25,10514479,国网山西省电力公司太原供电公司,N,,1,贾俊国,总经理
2020-11-25,10113536,国网新疆电力有限公司,N,,8,谢永胜,董事长
2020-11-25,10333838,国网江苏省电力有限公司,N,,8,肖世杰,董事长
2020-11-25,10514362,国网江西乐平市供电有限责任公司,N,,8,汪德坤,董事
2020-11-25,10348369,国网江西省电力有限公司,N,,5,王迪卿,董事
2020-11-25,10514361,国网江西赣县供电有限责任公司,N,,4,毛忠林,董事
2020-11-25,10322364,国网河北省电力有限公司,N,,7,董庆陆,董事
2020-11-25,10325276,国网河南省电力公司,N,,3,荆铭攀,监事
2020-11-25,10514246,国网河南省电力公司濮阳供电公司,N,,1,郭强,负责人
2020-11-25,10317642,国网浙江省电力有限公司,N,,3,范斌,监事
2020-11-25,10119991,国网湖北省电力有限公司,N,,2,肖黎春,董事长
2020-11-25,10514294,国网湖北省电力有限公司电力科学研究院,N,,1,汪发明,其他人员
2020-11-25,10514353,国网湖南省电力有限公司湘潭供电分公司,N,,1,米小军,负责人
2020-11-25,10193858,国网福建省电力有限公司,N,,1,范斌,监事
2020-11-25,10193858,国网福建省电力有限公司,N,,8,曾东旭,董事
2020-11-25,10514382,国网能源哈密煤电有限公司,N,,7,李晓云,监事
2020-11-25,10277323,国网西藏电力有限公司,N,,5,刘晓明,董事长
2020-11-25,10349766,国网辽宁省电力有限公司,N,,1,马曙光,董事
2020-11-25,10349766,国网辽宁省电力有限公司,N,,8,鲁海威,董事兼总经理
2020-11-25,10307809,国网重庆市电力公司,N,,7,吕跃春,董事
2020-11-25,10514480,国网陕西省电力公司,N,,6,林一凡,董事
2020-11-25,10514286,国网黑龙江省电力有限公司,N,,3,王韬,监事
2020-11-25,10514291,国网黑龙江肇东市电业局有限公司,N,,2,赵炳程,执行董事兼总经理
2020-11-25,10309851,国药控股分销中心有限公司,N,,2,姜修昌,监事
2020-11-25,10309853,国药控股北京天星普信生物医药有限公司,N,,8,吴杰,董事
2020-11-25,10514733,国药控股吉林有限公司,N,,5,李川,董事
2020-11-25,10102272,国药控股四川医药股份有限公司,N,,6,伊欣,董事
2020-11-25,10514735,国药控股天和吉林医药有限公司,N,,7,梁晶,监事
2020-11-25,10309859,国药控股常州有限公司,N,,2,陈飞,监事
2020-11-25,10514732,国药控股广东恒兴有限公司,N,,3,吴靖,监事
2020-11-25,10112219,国药控股柳州有限公司,N,,4,雷朝天,董事
2020-11-25,10309864,国药控股沈阳有限公司,N,,4,徐玮,监事
2020-11-25,10186154,国药控股河南股份有限公司,N,,6,殷华,监事
2020-11-25,10309867,国药控股湖北有限公司,N,,4,袁佳蕾,监事
2020-11-25,10308892,国药控股福建有限公司,N,,5,赖伟峰,董事兼总经理
2020-11-25,104712,国药控股股份有限公司,Y,01099,4,陈启宇,董事
2020-11-25,10519910,四川康西铜业有限责任公司,N,,13,吴东华,董事
2020-11-25,10519908,四川开物贸易有限公司,N,,3,柯玉麟,监事
2020-11-25,10519801,四川德烽机械设备有限公司,N,,2,罗义富,执行董事兼总经理
2020-11-25,10519919,四川明耀电力工程有限公司,N,,2,魏海露,监事
2020-11-25,10520156,四川永祥硅材料有限公司,N,,3,段雍,执行董事
2020-11-25,10519932,四川润兴装饰工程有限公司,N,,3,杨清明,执行董事兼总经理
2020-11-25,10520158,四川源亨众生医药有限公司,N,,4,羊庆梅,副董事长
2020-11-25,10519804,四川电力设计咨询有限责任公司,N,,1,田洁,监事
2020-11-25,10373569,四川省乐山市福华通达农药科技有限公司,N,,4,王蕾,董事
2020-11-25,10373569,四川省乐山市福华通达农药科技有限公司,N,,13,李开伟,监事
2020-11-25,10519950,四川省天然气川东能源有限责任公司,N,,3,刘明,董事
2020-11-25,10519935,四川省峨边运兴电冶有限责任公司,N,,3,张轾祥,执行董事
2020-11-25,10519933,四川省巴中市中信建筑工程有限公司,N,,2,陈卓,监事
2020-11-25,101841,四川省新能源动力股份有限公司,Y,000155,4,辜凯德,经理
2020-11-25,10519952,四川省物流产业股份有限公司,N,,1,杨硕,董事
2020-11-25,10519952,四川省物流产业股份有限公司,N,,9,陈申宽,董事
2020-11-25,10519952,四川省物流产业股份有限公司,N,,17,彭晓英,监事
2020-11-25,10519941,四川省犍为宝马水泥有限责任公司,N,,3,周杰,总经理
2020-11-25,10519946,四川省绵竹西南电工设备有限责任公司,N,,8,张健,董事
2020-11-25,10494911,四川省自贡运输机械集团股份有限公司,Y,001288,7,唐稼松,董事
2020-11-25,10519953,四川省西点电力设计有限公司,N,,6,徐红,董事
2020-11-25,10519942,四川省金翔建材有限公司,N,,2,杨淑琴,监事
2020-11-25,102592,四川科伦药业股份有限公司,Y,002422,7,郑昌艳,监事
2020-11-25,10276044,四川美丰农资化工有限责任公司,N,,3,刘朝云,董事长
2020-11-25,10276048,四川美丰复合肥有限责任公司,N,,4,蒲毅,监事
2020-11-25,10519914,四川联塑科技实业有限公司,N,,4,潘国华,监事
2020-11-25,10442660,四川英创力电子科技股份有限公司,N,,3,艾克华,董事
2020-11-25,10519824,四川行盛玻璃幕墙科技有限公司,N,,1,王开照,"经理,执行董事"
2020-11-25,10519966,四川西南盐湖贸易有限公司,N,,10,罗永成,董事
2020-11-25,10519927,四川谦德医药有限公司,N,,3,刘洪嘉,监事
2020-11-25,10186217,四川远大蜀阳药业有限责任公司,N,,4,牛战旗,董事
2020-11-25,10519903,四川金时印务有限公司,N,,2,许亚云,监事
2020-11-25,10122375,四川金象赛瑞化工股份有限公司,N,,3,刘朝慧,董事
2020-11-25,10122375,四川金象赛瑞化工股份有限公司,N,,11,朱学前,董事
2020-11-25,10519971,四川鑫宇建筑工程有限责任公司,N,,5,刘志荣,董事
2020-11-25,105840,山东鲁抗医药股份有限公司,Y,600789,8,孙宗彬,董事
2020-11-25,10316038,山东鲁抗立科药业有限公司,N,,3,赵伟,董事
2020-11-25,10518388,山东鲁滨首饰有限公司,N,,2,刘慧兰,执行董事
2020-11-25,10518389,山东鲁花集团有限公司,N,,7,孙孟全,董事
2020-11-25,10518584,山东齐旺达石油化工有限公司,N,,3,庄培胜,董事
2020-11-25,10518584,山东齐旺达石油化工有限公司,N,,11,王志栋,副总经理
2020-11-25,10518581,山东齐鲁华信高科有限公司,N,,1,陈文勇,经理
2020-11-25,10518582,山东齐鲁石化建设有限公司,N,,6,丁养东,董事
2020-11-25,10142057,山大地纬软件股份有限公司,Y,688579,1,赵永光,董事
2020-11-25,10142057,山大地纬软件股份有限公司,Y,688579,9,郑永清,董事兼总经理
2020-11-25,10517675,山西万物通旅游资源开发有限公司,N,,2,奚霞,执行董事兼总经理
2020-11-25,10519121,山西东山供水工程有限公司,N,,5,邓跃东,董事
2020-11-25,10514415,广州市中洋皮业有限公司,N,,2,黄静,执行董事兼总经理
2020-11-25,10514411,广州市元阳贸易有限公司,N,,1,黄金和,监事
2020-11-25,10514347,广州市合信纸业有限公司,N,,2,黄晓军,监事
2020-11-25,10514394,广州市君临文化传播有限公司,N,,1,胡军,执行董事
2020-11-25,10426982,广州市塑料工业集团有限公司,N,,7,杨强军,监事
2020-11-25,10514405,广州市天煜体育用品有限公司,N,,2,李继芬,执行董事兼总经理
2020-11-25,10410549,广州市新华书店集团有限公司,N,,2,张傲雪,监事
2020-11-25,10410549,广州市新华书店集团有限公司,N,,11,刘炬培,董事
2020-11-25,10101993,广州市昊志机电股份有限公司,Y,300503,3,雷群,董事
2020-11-25,10101993,广州市昊志机电股份有限公司,Y,300503,10,程振涛,监事
2020-11-25,10344955,广州市晨辉纸业有限公司,N,,2,赵晶,监事
2020-11-25,10514401,广州市桑健木制品有限公司,N,,2,潘瑞福,经理
2020-11-25,10514337,广州市番禺华南企业集团能源有限公司,N,,3,陈桂烨,董事
2020-11-25,10514335,广州市第三市政工程有限公司,N,,4,何瑞红,监事
2020-11-25,10514406,广州市翔硕信息科技有限公司,N,,2,薛卓岚,监事
2020-11-25,10514339,广州市高科通信技术股份有限公司,N,,3,李邑涛,董事
2020-11-25,10514348,广州市鸿玖贸易有限公司,N,,1,郭丁武,监事
2020-11-25,10322844,承德钢铁集团有限公司,N,,9,李云,监事
2020-11-25,10512972,承德长城建设集团有限公司,N,,6,袁国春,监事
2020-11-25,10513367,抚顺亿利化工有限公司,N,,2,沈立秋,监事
2020-11-25,10513354,抚顺华兴石油化工有限公司,N,,1,陆行君,监事
2020-11-25,10513364,抚顺新钢铁有限责任公司,N,,2,赵相隶,监事
2020-11-25,105913,抚顺特殊钢股份有限公司,Y,600399,1,孙立国,经理
2020-11-25,105913,抚顺特殊钢股份有限公司,Y,600399,9,兆文军,董事
2020-11-25,10513359,抚顺顺能化工有限公司,N,,1,刘佳蓉,监事
2020-11-25,10516732,拉萨美娱传媒有限公司,N,,1,高育龙,监事
2020-11-25,10974,招商证券股份有限公司,Y,06099;600999,4,苏敏,董事
2020-11-25,10974,招商证券股份有限公司,Y,06099;600999,11,肖厚发,董事
2020-11-25,10974,招商证券股份有限公司,Y,06099;600999,19,粟健,董事
2020-11-25,10112180,招商银行股份有限公司柳州分行,N,,1,蒙华,负责人
2020-11-25,10516272,揭阳市广泰发实业有限公司,N,,2,林文杰,监事
2020-11-25,10517522,攀枝花三能新能源有限公司,N,,6,胡进时,董事
2020-11-25,10131220,攀枝花丰源矿业有限公司,N,,4,吴长辉,董事
2020-11-25,10517524,攀枝花市中鼎安装工程有限责任公司,N,,1,曾正贵,监事
2020-11-25,10456350,攀钢集团重庆钛业有限公司,N,,1,吴平全,监事
2020-11-25,10513631,敦煌铁路有限责任公司,N,,4,李清辉,董事
2020-11-25,10513631,敦煌铁路有限责任公司,N,,12,朱生宪,董事长
2020-11-25,10519441,文山三七产业园区开发投资有限公司,N,,8,蒋跃能,监事
2020-11-25,10138962,安徽亿海矿山设备股份有限公司,N,,3,卢鹏宇,董事
2020-11-25,10511987,安徽佳通乘用子午线轮胎有限公司,N,,3,彭伟轩PHANG WAI YEEN,董事
2020-11-25,107538,安徽六国化工股份有限公司,Y,600470,2,杨程,监事
2020-11-25,107538,安徽六国化工股份有限公司,Y,600470,9,闫丽君,董事
2020-11-25,10325869,安徽华光光电材料科技集团有限公司,N,,5,陈勇,执行董事
2020-11-25,10143534,安徽华能医用橡胶制品股份有限公司,Y,832037,7,曹永霞,董事
2020-11-25,10511976,安徽华茂进出口有限责任公司,N,,5,黄宜生,董事
2020-11-25,10325882,安徽华菱汽车有限公司,N,,7,段超飞,监事
2020-11-25,10325883,安徽华谊化工有限公司,N,,5,朱惠忠,监事
2020-11-25,10511975,安徽华辰信息科技有限公司,N,,1,王静,总经理
2020-11-25,10109022,安徽华骐环保科技股份有限公司,Y,300929,5,郑杰,董事兼总经理
2020-11-25,10511979,安徽华鹏纺织有限公司,N,,1,汪克梅,监事
2020-11-25,10512045,安徽协创物联网技术有限公司,N,,1,耿四化,执行董事兼总经理
2020-11-25,106328,安徽合力股份有限公司,Y,600761,4,张孟青,董事
2020-11-25,106328,安徽合力股份有限公司,Y,600761,11,周峻,董事
2020-11-25,10512044,安徽唯艺珠宝有限责任公司,N,,3,陈春华,总经理
2020-11-25,10107278,安徽天星医药集团有限公司,N,,4,王秋霜,监事
2020-11-25,10408056,安徽太平洋电缆股份有限公司,N,,5,田梅芬,监事
2020-11-25,10519122,山西东泰能源集团有限公司,N,,2,王海平,监事
2020-11-25,10517705,山西中鑫洁净焦技术研究设计有限公司,N,,2,彭晓霞,执行董事
2020-11-25,10517688,山西亚宝九合医药科技有限公司,N,,2,王炳国,监事
2020-11-25,10519152,山西京宇天成科技有限公司,N,,3,李林海,董事
2020-11-25,10519143,山西佳泰洪福能源集团股份有限公司,N,,2,张国富,董事
2020-11-25,10517661,山西全盛化工有限责任公司,N,,1,吴成,董事
2020-11-25,10384602,山西兰花华明纳米材料股份有限公司,Y,839189,2,庄国贤,监事
2020-11-25,107000,山西兰花煤炭实业集团有限公司,N,,3,段永红,董事
2020-11-25,107000,山西兰花煤炭实业集团有限公司,N,,11,郭会军,监事
2020-11-25,102700,江西铜业股份有限公司,Y,00358;600362,10,朱星文,董事
2020-11-25,10373071,江西银行股份有限公司,Y,01916,1,黄显荣,董事
2020-11-25,10373071,江西银行股份有限公司,Y,01916,9,王芸,董事
2020-11-25,10373071,江西银行股份有限公司,Y,01916,15,陈晓明,董事长
2020-11-25,101908,江西黑猫炭黑股份有限公司,Y,002068,5,段明焰,董事
2020-11-25,107584,江铃汽车股份有限公司,Y,000550;200550,2,丁朝阳,监事
2020-11-25,107584,江铃汽车股份有限公司,Y,000550;200550,8,CHEN ANNING,董事
2020-11-25,10516512,泸县聚兴经贸有限公司,N,,1,彭学文,监事
2020-11-25,10516517,泸州九禾化工有限公司,N,,2,胡水明,"执行董事,总经理"
2020-11-25,10520026,洋浦德隆实业有限公司,N,,1,张志刚,"经理,执行董事"
2020-11-25,10340708,洛玻集团洛阳龙昊玻璃有限公司,N,,1,谢军,执行董事
2020-11-25,10340721,洛阳双瑞万基钛业有限公司,N,,3,刘丕人,监事
2020-11-25,10340723,洛阳双瑞特种装备有限公司,N,,2,邵世单,监事
2020-11-25,10340723,洛阳双瑞特种装备有限公司,N,,10,陈继志,董事兼总经理
2020-11-25,10340729,洛阳市天誉环保工程有限公司,N,,6,杨世魁,董事
2020-11-25,10516813,洛阳智超机电科技有限公司,N,,2,苏东超,监事
2020-11-25,10516600,洛阳瀚顺商贸有限公司,N,,1,刘振强,执行董事兼总经理
2020-11-25,10516599,洛阳辰涛牧业科技有限公司,N,,1,史学涛,执行董事兼总经理
2020-11-25,10516789,洛阳银冶金属炉料有限公司,N,,2,刘丽霞,监事
2020-11-25,10516782,洛阳颐和今世福珠宝集团有限公司,N,,6,平贵杰,监事
2020-11-25,10516624,洛阳龙羽宜电有限公司,N,,6,李敏,董事
2020-11-25,10515729,洪洞县广大物资贸易有限公司,N,,1,赵俊,监事
2020-11-25,10516273,济南中海城房地产开发有限公司,N,,1,孙亚茜,董事兼总经理
2020-11-25,10106101,济南二机床集团有限公司,N,,5,赵明纪,董事
2020-11-25,10516222,济南伊斯达环保设备有限公司,N,,1,杨振永,监事
2020-11-25,10518949,深圳市顺升粮食贸易有限公司,N,,1,陈尚明,监事
2020-11-25,10518847,深圳市鸿佳宜投资有限公司,N,,2,陈俊霖,"执行董事,总经理"
2020-11-25,10121385,深圳市鸿普森科技股份有限公司,Y,873873,5,赵颖文,董事
2020-11-25,10329355,深圳市鹏城建筑集团有限公司,N,,1,张成亮,"董事,总经理"
2020-11-25,10518923,深圳市鹏峰汽车销售服务有限公司,N,,3,张俊峰,执行董事
2020-11-25,10511101,深圳市黄金叶贸易有限公司,N,,2,奚小静,监事
2020-11-25,10519639,深圳市鼎芯无限科技有限公司,N,,4,陈福鸿,董事
2020-11-25,10110384,深圳市齐普生科技股份有限公司,N,,7,王开因,监事
2020-11-25,101923,深圳广田集团股份有限公司,Y,002482,2,叶远东,董事
2020-11-25,101923,深圳广田集团股份有限公司,Y,002482,10,罗岸丰,监事
2020-11-25,10521098,深圳建业工程集团股份有限公司,N,,5,梁永康,监事
2020-11-25,10520999,深圳恒大材料设备有限公司,N,,2,郑成山,监事
2020-11-25,10315873,深圳承远航空油料有限公司,N,,8,"杨必丽YOUNG,PIT LAI BELLA",副董事长
2020-11-25,103762,深圳新宙邦科技股份有限公司,Y,300037,5,覃九三,董事长
2020-11-25,103762,深圳新宙邦科技股份有限公司,Y,300037,12,赵大成,监事
2020-11-25,10520816,深圳智讯派信息科技有限公司,N,,1,张炎强,董事
2020-11-25,10521007,深圳机场信息技术服务有限公司,N,,1,黄飙,"执行董事,总经理"
2020-11-25,10137337,武汉凯迪电力工程有限公司,N,,6,郑朝晖,董事
2020-11-25,10519768,武汉励晟节能工程设备有限公司,N,,1,厉玉杰,监事
2020-11-25,10519735,武汉华邦生态环境有限公司,N,,2,佘华君,监事
2020-11-25,10520112,武汉同域置业有限公司,N,,3,程飞,董事长
2020-11-25,10381412,武汉噢易云计算股份有限公司,Y,837979,6,杨军,董事长兼总经理
2020-11-25,10118649,武汉地铁集团有限公司,N,,1,马君瑞,董事
2020-11-25,10519894,武汉城市天然气高压管网有限公司,N,,3,沈北宁,董事兼总经理
2020-11-25,10116756,武汉天马微电子有限公司,N,,3,徐健效,监事
2020-11-25,10519779,武汉尚绿园艺有限公司,N,,1,陈忠杰,执行董事兼总经理
2020-11-25,10520101,武汉市华涛房地产经纪有限公司,N,,1,陈贵明,监事
2020-11-25,106983,武汉市城市建设投资开发集团有限公司,N,,3,江强生,董事
2020-11-25,10520098,武汉市城市排水发展有限公司,N,,8,张健,董事
2020-11-25,10400269,武汉市江夏农业集团有限公司,N,,5,王莉,监事
2020-11-25,10519899,武汉广绘轴物资有限责任公司,N,,1,代启发,执行董事兼总经理
2020-11-25,10519740,武汉建工第三建筑有限公司,N,,8,祝向时,董事
2020-11-25,10496826,武汉弘芯半导体制造有限公司,N,,1,李月茹,监事
2020-11-25,10520123,武汉怡安居兔宝宝商贸有限公司,N,,1,邓静平,监事
2020-11-25,10515620,江门市华津金属制品有限公司,N,,1,罗灿文,监事
2020-11-25,10515627,江门市日盈不锈钢材料厂有限公司,N,,2,李炳达,董事
2020-11-25,10311642,江阴三毛销售有限公司,N,,2,薛惠忠,"执行董事,总经理"
2020-11-25,107484,江阴兴澄特种钢铁有限公司,N,,4,栾真军,董事
2020-11-25,10516314,江阴利电检修工程服务有限公司,N,,2,朱建刚,执行董事
2020-11-25,10516216,江阴卓尔纺织制品有限公司,N,,2,相海刚,监事
2020-11-25,10311672,江阴天江药业有限公司,N,,3,程学仁,董事
2020-11-25,10516309,江阴富裕铝业有限公司,N,,2,刘汝芳,监事
2020-11-25,10516337,江阴市协融贸易有限公司,N,,2,缪小凤,监事
2020-11-25,10516334,江阴市强力化纤有限公司,N,,2,许卓,监事
2020-11-25,10363330,江阴市振新毛纺有限公司,N,,1,张建锋,"执行董事,总经理"
2020-11-25,10516323,江阴市杭泰金属制品有限公司,N,,2,徐祥芬,总经理
2020-11-25,10516333,江阴市立信智能设备有限公司,N,,6,翁耀锋,监事
2020-11-25,10516326,江阴市鸿鹭贸易有限公司,N,,1,白光,监事
2020-11-25,10493404,江阴标榜汽车部件股份有限公司,Y,301181,1,沙昳,董事
2020-11-25,10493404,江阴标榜汽车部件股份有限公司,Y,301181,10,周洁,监事
2020-11-25,10516308,江阴法尔胜金属制品有限公司,N,,3,李茜,监事
2020-11-25,10519920,四川铭驰建筑工程有限公司,N,,1,杨杰,执行董事兼总经理
2020-11-25,10417543,四川长宁天然气开发有限责任公司,N,,7,方向池,董事长
2020-11-25,10520200,四川长江水运有限责任公司,N,,6,荆汝东,监事
2020-11-25,10277248,四川长虹模塑科技有限公司,N,,1,吕新颜,监事
2020-11-25,102546,四川雅化实业集团股份有限公司,Y,002497,3,胡强,监事
2020-11-25,102546,四川雅化实业集团股份有限公司,Y,002497,11,邹庆,监事
2020-11-25,10519915,四川龙门山文化旅游发展有限公司,N,,2,黎林,监事
2020-11-25,10520261,四平热力有限公司,N,,3,于振贤,董事
2020-11-25,10520261,四平热力有限公司,N,,10,刘鹏达,监事
2020-11-25,101549,国光电器股份有限公司,Y,002045,7,郑崖民,董事
2020-11-25,101549,国光电器股份有限公司,Y,002045,14,顾大伟,董事
2020-11-25,107065,国家电力投资集团有限公司,N,,6,孟振平,"董事,总经理"
2020-11-25,107065,国家电力投资集团有限公司,N,,15,梁玉丰,监事
2020-11-25,10514222,国家电投集团山西铝业有限公司,N,,5,解晓宁,监事
2020-11-25,10514220,国家电投集团河南省电力燃料有限公司,N,,2,耿铁纯,执行董事
2020-11-25,10372077,国家电投集团铝业国际贸易有限公司,N,,6,王铁军,董事
2020-11-25,106850,国家电网有限公司,N,,1,周建军,监事
2020-11-25,106850,国家电网有限公司,N,,8,王丽丽,董事
2020-11-25,106850,国家电网有限公司,N,,14,毛伟明,董事长
2020-11-25,10440659,国家能源投资集团有限责任公司,N,,7,刘国跃,"董事,总经理"
2020-11-25,10417474,国家能源集团乌海能源有限责任公司,N,,9,杨万涛,监事会主席
2020-11-25,106851,国家能源集团宁夏煤业有限责任公司,N,,8,张正军,董事
2020-11-25,10514231,国强建设集团有限公司,N,,3,杨治国,监事
2020-11-25,10484992,国投新疆罗布泊钾盐有限责任公司,N,,1,杨博,董事
2020-11-25,10484992,国投新疆罗布泊钾盐有限责任公司,N,,9,张小玲,监事
2020-11-25,10462,国投电力控股股份有限公司,Y,600886,2,丁小亮,监事
2020-11-25,10462,国投电力控股股份有限公司,Y,600886,10,马斌,监事
2020-11-25,106064,国泰君安证券股份有限公司,Y,02611;601211,6,王松,董事
2020-11-25,106064,国泰君安证券股份有限公司,Y,02611;601211,14,喻健,董事
2020-11-25,106064,国泰君安证券股份有限公司,Y,02611;601211,21,王磊,监事
2020-11-25,105593,国电南京自动化股份有限公司,Y,600268,3,王凤蛟,董事长
2020-11-25,105593,国电南京自动化股份有限公司,Y,600268,11,戚啸艳,董事
2020-11-25,10514190,国电双辽发电有限公司,N,,6,吴景文,董事
2020-11-25,10514186,国电吉林龙华吉林热电厂,N,,1,ddd,负责人
2020-11-25,10297839,国电浙江北仑第三发电有限公司,N,,1,刘亚,董事
2020-11-25,10297839,国电浙江北仑第三发电有限公司,N,,9,周红,监事
2020-11-25,10514192,国电物流有限公司,N,,2,韩方运,董事
2020-11-25,10514183,国电福州发电有限公司,N,,1,尚磊,董事
2020-11-25,10514183,国电福州发电有限公司,N,,7,胡旦明,董事
2020-11-25,10514193,国电豫源发电有限责任公司,N,,6,胡斌,监事
2020-11-25,10514189,国电陕西燃料有限公司,N,,3,石玉海,执行董事
2020-11-25,10514194,国电驻马店热电有限公司,N,,5,王科峰,董事兼总经理
2020-11-25,107899,国睿科技股份有限公司,Y,600562,3,刘正华,监事
2020-11-25,107899,国睿科技股份有限公司,Y,600562,10,谢宁,董事
2020-11-25,10245378,国网上海市电力公司,N,,2,刘壮志,监事
2020-11-25,10514546,国网信通亿力科技有限责任公司,N,,2,林建华,董事长
2020-11-25,10307818,国网冀北电力有限公司,N,,6,李俊,监事
2020-11-25,10514380,国网内蒙古东部电力有限公司,N,,4,田桂申,监事
2020-11-25,10307817,国网北京市电力公司,N,,4,邓顺平,监事会主席
2020-11-25,10277544,国网吉林省电力有限公司,N,,5,卜劲松,董事
2020-11-25,10514542,国网四川盐源县供电有限责任公司,N,,4,段有国,董事
2020-11-25,10122147,国网四川省电力公司,N,,5,周凯,董事
2020-11-25,10514538,国网四川省电力公司绵阳市游仙供电分公司,N,,1,童晓刚,负责人
2020-11-25,10315684,国网宁夏电力有限公司,N,,1,马士林,董事长
2020-11-25,10514384,国网宁夏电力有限公司宁东供电公司,N,,1,孟宪国,负责人
2020-11-25,10514234,国网安徽省电力有限公司物资分公司,N,,1,宋大文,总经理
2020-11-25,10513061,大庆市佰嘉和石油科技开发有限公司,N,,1,李敏,监事
2020-11-25,10513065,大庆油田建设集团有限责任公司,N,,2,王莉,监事
2020-11-25,10310298,大庆油田有限责任公司,N,,8,孙淑光,监事
2020-11-25,10513057,大庆鸿运石油科技有限公司,N,,1,刘锦峰,监事
2020-11-25,101208,大族激光科技产业集团股份有限公司,Y,002008,5,邱大梁,董事
2020-11-25,10310315,大杨集团有限责任公司,N,,2,胡冬梅,"董事,总经理"
2020-11-25,10513009,大理中石油昆仑燃气有限公司,N,,4,马立军,董事
2020-11-25,10513009,大理中石油昆仑燃气有限公司,N,,12,易菊英,监事
2020-11-25,10513067,大石桥临峰耐火材料有限公司,N,,2,廉守政,董事
2020-11-25,10513074,大石桥市兴鹏复合肥有限公司,N,,1,李彤,"经理,执行董事"
2020-11-25,10513054,大秦铁路股份有限公司朔州车务段,N,,1,苑玉,负责人
2020-11-25,10513010,大连佰利金枪鱼食品有限公司,N,,1,刘乐,执行董事兼总经理
2020-11-25,10311837,大连冰山国际贸易有限公司,N,,5,徐郡饶,董事
2020-11-25,10311833,大连冰山集团冷冻设备有限公司,N,,8,李盛,监事
2020-11-25,101292,大连华锐重工集团股份有限公司,Y,002204,1,刘永泽,董事
2020-11-25,101292,大连华锐重工集团股份有限公司,Y,002204,9,苏洁,监事
2020-11-25,10513012,大连博莱特科技有限公司,N,,2,赵春义,监事
2020-11-25,10513045,大连因泰船务代理有限公司,N,,5,曹俊,董事
2020-11-25,10519483,天津威硕科技有限公司,N,,1,王大威,"经理,执行董事"
2020-11-25,10519491,天津学苑信息科技有限公司,N,,2,刘轶周,"董事长,总经理"
2020-11-25,107000,山西兰花煤炭实业集团有限公司,N,,18,顾春洲,董事
2020-11-25,10517641,山西凯希莱医药有限公司,N,,2,赵成意,经理
