编号 No.,学校名称(中文) School Name (Chinese),学校名称(英文) School Name (English),区域(中文) District (Chinese),区域(英文) District (English)
1,明爱凌月仙幼稚园,CARITAS LING YUET SIN KINDERGARTEN,中西区,Central & Western
2,明爱坚尼地城幼儿学校,CARITAS NURSERY SCHOOL - KENNEDY TOWN,中西区,Central & Western
3,明爱圣方济各幼稚园,CARITAS ST. FRANCIS KINDERGARTEN,中西区,Central & Western
4,卓基英文学校暨幼稚园,CHERISH ENGLISH SCHOOL & KINDERGARTEN,中西区,Central & Western
5,潮阳幼稚园,CHIU YANG KINDERGARTEN,中西区,Central & Western
6,基督教香港信义会基恩幼儿学校,ELCHK  AMAZING GRACE NURSERY SCHOOL,中西区,Central & Western
7,香港保护儿童会谭雅士幼儿学校,HONG KONG SOCIETY FOR THE PROTECTION OF CHILDREN THOMAS TAM NURSERY SCHOOL,中西区,Central & Western
8,香港真光幼稚园（坚道）,HONG KONG TRUE LIGHT KINDERGARTEN (CAINE ROAD),中西区,Central & Western
9,香港基督教女青年会戴翰芬幼儿学校,HONG KONG YOUNG WOMEN'S CHRISTIAN ASSOCIATION TAI HON FAN NURSERY SCHOOL,中西区,Central & Western
10,救恩学校,KAU YAN SCHOOL,中西区,Central & Western
11,灵恩学校,LING YAN SCHOOL,中西区,Central & Western
12,礼贤会学校,RHENISH MISSION SCHOOL,中西区,Central & Western
13,嘉诺撒圣心幼稚园,SACRED HEART CANOSSIAN KINDERGARTEN,中西区,Central & Western
14,圣安多尼中英文小学暨幼稚园,ST ANTHONY'S ANGLO-CHINESE PRIMARY SCHOOL & KINDERGARTEN,中西区,Central & Western
15,圣雅各福群会宝翠园幼稚园,ST JAMES' SETTLEMENT BELCHER KINDERGARTEN,中西区,Central & Western
16,圣嘉勒小学,ST. CLARE'S PRIMARY SCHOOL,中西区,Central & Western
17,圣马太堂幼稚园,ST. MATTHEW'S CHURCH KINDERGARTEN,中西区,Central & Western
18,圣保罗堂幼稚园,ST. PAUL'S CHURCH KINDERGARTEN,中西区,Central & Western
19,圣士提反堂小学暨幼稚园,ST. STEPHEN'S CHURCH PRIMARY SCHOOL & KINDERGARTEN,中西区,Central & Western
20,圣士提反女子中学附属幼稚园,ST. STEPHEN'S GIRLS' COLLEGE KINDERGARTEN,中西区,Central & Western
21,太阳岛英文幼稚园（卑路乍街分校）,SUN ISLAND ENGLISH KINDERGARTEN (BELCHER BRANCH),中西区,Central & Western
22,伟思幼稚园,WISELY KINDERGARTEN,中西区,Central & Western
23,香港西区妇女福利会幼稚园,WOMEN'S WELFARE CLUB WESTERN DISTRICT HONG KONG KINDERGARTEN,中西区,Central & Western
24,仁济医院方江辉幼稚园,YAN CHAI HOSPITAL FONG KONG FAI KINDERGARTEN,中西区,Central & Western
25,仁济医院郭子梁幼稚园,YAN CHAI HOSPITAL KWOK CHI LEUNG KINDERGARTEN,中西区,Central & Western
26,浸信会培理学校,BAPTIST PUI LI SCHOOL,东区,Eastern
27,宝宝幼儿学校,BO BO NURSERY SCHOOL,东区,Eastern
28,迦南幼稚园（小西湾）,CANNAN KINDERGARTEN (SIU SAI WAN),东区,Eastern
29,明爱香港太平洋狮子会幼儿学校,CARITAS LIONS CLUB OF HONG KONG (PACIFIC) NURSERY SCHOOL,东区,Eastern
30,柴湾浸信会学前教育中心吕明才幼稚园,CHAI WAN BAPTIST CHURCH PRE-SCHOOL EDUCATION LUI MING CHOI KINDERGARTEN,东区,Eastern
31,柴湾浸信会学前教育中心吕明才幼稚园（小西湾）,CHAI WAN BAPTIST CHURCH PRE-SCHOOL EDUCATION LUI MING CHOI KINDERGARTEN (SIU SAI WAN),东区,Eastern
32,青松兴东幼稚园,CHING CHUNG HING TUNG KINDERGARTEN,东区,Eastern
33,启思幼稚园（杏花邨）,CREATIVE KINDERGARTEN (HENG FA CHUEN),东区,Eastern
34,明我幼稚园（海宁街校址）,DOMINIC SAVIO KINDERGARTEN (LOCATION: HOI NING STREET),东区,Eastern
35,明我幼稚园（西湾河街校址）,DOMINIC SAVIO KINDERGARTEN (LOCATION: SAI WAN HO STREET),东区,Eastern
36,基督教香港信义会兴华幼儿学校,ELCHK  HING WAH NURSERY SCHOOL,东区,Eastern
37,怡宝中英文幼稚园,EPOCH ANGLO-CHINESE KINDERGARTEN,东区,Eastern
38,循道卫理联合教会爱华村堂幼稚园,EPWORTH VILLAGE METHODIST CHURCH KINDERGARTEN,东区,Eastern
39,怀恩浸信会幼稚园,GRACE BAPTIST KINDERGARTEN,东区,Eastern
40,路德会杏花邨幼儿园,HENG FA CHUEN LUTHERAN DAY NURSERY,东区,Eastern
41,港九街坊妇女会丁毓珠幼稚园,HONG KONG & KOWLOON KAIFONG WOMEN'S ASSOCIATION TING YUK CHEE KINDERGARTEN,东区,Eastern
42,港九街坊妇女会环翠幼稚园,HONG KONG & KOWLOON KAIFONG WOMEN'S ASSOCIATION WAN TSUI KINDERGARTEN,东区,Eastern
43,香港保护儿童会胡好幼儿学校,HONG KONG SOCIETY FOR THE PROTECTION OF CHILDREN AW HOE NURSERY SCHOOL,东区,Eastern
44,合一堂陈伯宏纪念幼稚园,HOP YAT CHURCH CHAN PAK WANG MEMORIAL KINDERGARTEN,东区,Eastern
45,伊斯兰徐锦享纪念幼稚园,ISLAMIC ABU BAKAR CHUI MEMORIAL KINDERGARTEN,东区,Eastern
46,基督教康山中英文幼稚园,KORNHILL CHRISTIAN ANGLO-CHINESE KINDERGARTEN,东区,Eastern
47,岭南幼稚园（小西湾）,LINGNAN KINDERGARTEN (SIU SAI WAN),东区,Eastern
48,岭南幼稚园（小西湾）二校,LINGNAN NO.2 KINDERGARTEN (SIU SAI WAN),东区,Eastern
49,粤南信义会腓力堂兴民幼儿学园,LUTHERAN PHILIP HOUSE HING MAN NURSERY SCHOOL,东区,Eastern
50,新翠培元幼稚园,NEW JADE ELEMENTI KINDERGARTEN,东区,Eastern
51,北角卫理堂幼稚园,NORTH POINT METHODIST CHURCH KINDERGARTEN,东区,Eastern
52,北角卫理堂幼稚园（炮台山）,NORTH POINT METHODIST CHURCH KINDERGARTEN (FORTRESS HILL),东区,Eastern
53,保良局慧妍雅集幼稚园,PO LEUNG KUK WAI YIN KINDERGARTEN,东区,Eastern
54,筲箕湾循道卫理幼稚园,SHAU KEI WAN METHODIST KINDERGARTEN,东区,Eastern
55,筲箕湾街坊福利会张锦添纪念幼稚园,SHAUKIWAN KAI FONG WELFARE COMMUNITY CENTRE CHEUNG KAM TIM MEMORIAL KINDERGARTEN,东区,Eastern
56,筲箕湾崇真幼儿学校,SHAUKIWAN TSUNG TSIN NURSERY SCHOOL,东区,Eastern
57,圣公会主诞堂幼稚园,SHENG KUNG HUI HOLY NATIVITY CHURCH KINDERGARTEN,东区,Eastern
58,欣苗幼稚园,SPRING VIEW KINDERGARTEN,东区,Eastern
59,圣安娜中英文幼稚园,ST ANNA ANGLO-CHINESE KINDERGARTEN,东区,Eastern
60,圣道明中英文幼稚园,ST. DOMINIC ANGLO-CHINESE KINDERGARTEN,东区,Eastern
61,路德会圣雅各幼稚园,ST. JAMES LUTHERAN KINDERGARTEN,东区,Eastern
62,圣保罗堂幼稚园（北角）,ST. PAUL'S CHURCH KINDERGARTEN (NORTH POINT),东区,Eastern
63,北角圣彼得堂幼稚园,ST. PETER'S CHURCH KINDERGARTEN,东区,Eastern
64,天主教海星幼稚园,STAR OF THE SEA CATHOLIC KINDERGARTEN,东区,Eastern
65,香港浸信会联会耀兴幼稚园,THE BAPTIST CONVENTION OF HONG KONG YIU HING KINDERGARTEN,东区,Eastern
66,宣道会上书房中英文幼稚园,THE CHRISTIAN & MISSIONARY ALLIANCE SCHOLARS' ANGLO-CHINESE KINDERGARTEN,东区,Eastern
67,中华基督教会柴湾堂幼儿园,THE CHURCH OF CHRIST IN CHINA CHAI WAN CHURCH DAY NURSERY,东区,Eastern
68,励志会陈郑洁云幼稚园,THE ENDEAVOURERS CHAN CHENG KIT WAN KINDERGARTEN,东区,Eastern
69,香港中国妇女会幼稚园,THE HONG KONG CHINESE WOMEN'S CLUB KINDERGARTEN,东区,Eastern
70,香港青年协会青乐幼稚园,THE HONG KONG FEDERATION OF YOUTH GROUPS CHING LOK KINDERGARTEN,东区,Eastern
71,救世军北角幼儿学校,THE SALVATION ARMY NORTH POINT NURSERY SCHOOL,东区,Eastern
72,香港东区妇女福利会幼儿园,THE WOMEN'S WELFARE CLUB (EASTERN DISTRICT) NURSERY HONG KONG,东区,Eastern
73,东华三院方树福堂幼稚园（柴湾小西湾邨校址）,"TUNG WAH GROUP OF HOSPITALS FONG SHU FOOK TONG KINDERGARTEN (LOCATION: SIU SAI WAN ESTATE, CHAI WAN)",东区,Eastern
74,东华三院捷和郑氏幼儿园,TWGHS CHIAP HUA CHENG'S NURSERY SCHOOL,东区,Eastern
75,东华三院方树泉幼儿园,TWGHS FONG SHU CHUEN NURSERY SCHOOL,东区,Eastern
76,雅然中英文幼稚园,WISE LE SAGE ANGLO-CHINESE KINDERGARTEN,东区,Eastern
77,香港东区妇女福利会黎桂添幼儿园,WOMEN'S WELFARE CLUB (EASTERN DISTRICT) HONG KONG LAI KWAI TIM DAY NURSERY,东区,Eastern
78,香港西区妇女福利会何瑞棠纪念幼稚园,WOMEN'S WELFARE CLUB WESTERN DISTRICT HONG KONG DAVID WOO MEMORIAL KINDERGARTEN,东区,Eastern
79,耀东浸信会幼稚园,YIU TUNG BAPTIST KINDERGARTEN,东区,Eastern
80,路德会锡安堂幼稚园,ZION LUTHERAN KINDERGARTEN,东区,Eastern
81,佛教张梅桂幼稚园,BUDDHIST CHEUNG MUI KWAI KINDERGARTEN,离岛区,Islands
82,佛教真如幼稚园（东涌）,BUDDHIST CHUN YUE KINDERGARTEN (TUNG CHUNG),离岛区,Islands
83,路德会陈恩美幼儿园,CHAN EN MEI LUTHERAN DAY NURSERY,离岛区,Islands
84,长洲圣心幼稚园,CHEUNG CHAU SACRED HEART KINDERGARTEN,离岛区,Islands
85,基督教宣道会大澳幼稚园,CHRISTIAN & MISSIONARY ALLIANCE TAI O KINDERGARTEN,离岛区,Islands
86,金巴仑长老会青草地幼稚园,CUMBERLAND PRESBYTERIAN CHURCH GREEN PASTURE KINDERGARTEN,离岛区,Islands
87,香港圣公会东涌幼儿学校,HONG KONG SHENG KUNG HUI TUNG CHUNG NURSERY SCHOOL,离岛区,Islands
88,香港基督教女青年会趣沂幼稚园,HONG KONG YOUNG WOMEN'S CHRISTIAN ASSOCIATION HELEN LEE KINDERGARTEN,离岛区,Islands
89,国民学校汉师中英文幼稚园,KWOK MAN VERNACULAR NORMAL ANGLO-CHINESE KINDERGARTEN,离岛区,Islands
90,力行幼稚园（南便围校址）,LICK HANG KINDERGARTEN (LOCATION: NAM PIN WAI),离岛区,Islands
91,力行幼稚园（梅窝乡事会路校址）,LICK HANG KINDERGARTEN (LOCATION: RURAL COMMITTEE ROAD),离岛区,Islands
92,路德会吕君博幼儿园,LUI KWAN POK LUTHERAN DAY NURSERY,离岛区,Islands
93,南英幼稚园,NAM YING KINDERGARTEN,离岛区,Islands
94,天主教露德圣母幼稚园,OUR LADY OF LOURDES CATHOLIC KINDERGARTEN,离岛区,Islands
95,保良局张潘美意幼稚园,PO LEUNG KUK CHEUNG POON MEI YEE KINDERGARTEN,离岛区,Islands
96,善一堂逸东幼稚园,SHIN YAT TONG YAT TUNG KINDERGARTEN,离岛区,Islands
97,太阳岛幼稚园（东涌分校）,SUN ISLAND KINDERGARTEN (TUNG CHUNG BRANCH),离岛区,Islands
98,基督徒信望爱堂逸东幼稚园,THE CHRISTIAN THE FAITH HOPE LOVE CHURCH YAT TUNG KINDERGARTEN,离岛区,Islands
99,中华基督教会长洲堂锦江幼稚园,THE CHURCH OF CHRIST IN CHINA CHEUNG  CHAU CHURCH KAM KONG KINDERGARTEN,离岛区,Islands
100,邻舍辅导会东涌幼儿园,THE NEIGHBOURHOOD ADVICE-ACTION COUNCIL TUNG CHUNG DAY NURSERY,离岛区,Islands
101,邻舍辅导会东欣幼儿园,THE NEIGHBOURHOOD ADVICE-ACTION COUNCIL TUNG YAN DAY NURSERY,离岛区,Islands
102,救世军源林洁和幼稚园,THE SALVATION ARMY ROSITA YUEN KINDERGARTEN,离岛区,Islands
103,东涌浸信会幼稚园,TUNG CHUNG BAPTIST KINDERGARTEN,离岛区,Islands
104,东涌天主教幼稚园,TUNG CHUNG CATHOLIC KINDERGARTEN,离岛区,Islands
105,惠平幼稚园,WAI PENG KINDERGARTEN SCHOOL,离岛区,Islands
106,闽光书院,AMOY COLLEGE,九龙城区,Kowloon City
107,佛教陈策文伉俪幼稚园,BUDDHIST MR. & MRS. CHAN CHART MAN KINDERGARTEN,九龙城区,Kowloon City
108,迦南幼稚园（九龙塘）,CANNAN KINDERGARTEN (KOWLOON TONG),九龙城区,Kowloon City
109,迦南幼稚园（窝打老道）,CANNAN KINDERGARTEN (WATERLOO ROAD),九龙城区,Kowloon City
110,迦南幼稚园（黄埔花园）,CANNAN KINDERGARTEN (WHAMPOA GARDEN),九龙城区,Kowloon City
111,基督教中心幼稚园,CHRISTIAN YOUTH CENTRE KINDERGARTEN,九龙城区,Kowloon City
112,德宝中英文幼稚园（黄埔花园）,DEBORAH ANGLO-CHINESE KINDERGARTEN (WHAMPOA GARDEN),九龙城区,Kowloon City
113,神召第一小学暨幼稚园,FIRST ASSEMBLY OF GOD PRIMARY SCHOOL AND KINDERGARTEN,九龙城区,Kowloon City
114,协恩中学附属幼稚园,HEEP YUNN SCHOOL PRIVATE KINDERGARTEN,九龙城区,Kowloon City
115,汉师幼稚园（龙总）,HKVNS ALUMNI ASSOCIATION KINDERGARTEN (KCC),九龙城区,Kowloon City
116,啬色园主办可爱幼儿园,HO OI DAY NURSERY (SPONSORED BY SIK SIK YUEN),九龙城区,Kowloon City
117,圣三一中心幼稚园,HOLY TRINITY CENTRE KINDERGARTEN,九龙城区,Kowloon City
118,何文田浸信会幼稚园,HOMANTIN BAPTIST CHURCH KINDERGARTEN,九龙城区,Kowloon City
119,何文田循道卫理杨震幼儿学校,HOMANTIN YANG MEMORIAL METHODIST PRE-SCHOOL,九龙城区,Kowloon City
120,香港浸会大学附属幼稚园,HONG KONG BAPTIST UNIVERSITY - KINDERGARTEN,九龙城区,Kowloon City
121,香港保护儿童会马头涌幼儿学校,HONG KONG SOCIETY FOR THE PROTECTION OF CHILDREN MA TAU CHUNG NURSERY SCHOOL,九龙城区,Kowloon City
122,香港保护儿童会新航黄埔幼儿学校,HONG KONG SOCIETY FOR THE PROTECTION OF CHILDREN SIA WHAMPOA NURSERY SCHOOL,九龙城区,Kowloon City
123,香港创价幼稚园,HONG KONG SOKA KINDERGARTEN,九龙城区,Kowloon City
124,九龙迦南中英文幼稚园,KOWLOON CANNAN ANGLO-CHINESE KINDERGARTEN,九龙城区,Kowloon City
125,九龙城浸信会幼稚园,KOWLOON CITY BAPTIST CHURCH KINDERGARTEN,九龙城区,Kowloon City
126,九龙灵粮堂幼儿园,KOWLOON LING LIANG CHURCH DAY NURSERY,九龙城区,Kowloon City
127,九龙灵粮堂幼稚园,KOWLOON LING LIANG CHURCH KINDERGARTEN,九龙城区,Kowloon City
128,九龙妇女福利会幼稚园,KOWLOON WOMEN'S WELFARE CLUB NURSERY SCHOOL,九龙城区,Kowloon City
129,粤南信义会腓力堂马头围幼儿学园,LUTHERAN PHILIP HOUSE MA TAU WAI NURSERY SCHOOL,九龙城区,Kowloon City
130,路德会包美达幼儿园,MARTHA BOSS LUTHERAN DAY NURSERY,九龙城区,Kowloon City
131,美雅幼稚园,MAY NGA KINDERGARTEN,九龙城区,Kowloon City
132,美雅幼稚园（分校）（下乡道89号校址）,MAY NGA KINDERGARTEN (BRANCH) (LOCATION: 89 RURAL COMMITTEE ROAD),九龙城区,Kowloon City
133,美雅幼稚园（分校）（下乡道91号校址）,MAY NGA KINDERGARTEN (BRANCH) (LOCATION: 91 RURAL COMMITTEE ROAD),九龙城区,Kowloon City
134,美雅幼儿园,MAY NGA NURSERY,九龙城区,Kowloon City
135,保良局陈黎惠莲幼稚园,PO LEUNG KUK CHAN LAI WAI LIN KINDERGARTEN,九龙城区,Kowloon City
136,保良局林丁丽玲幼稚园,PO LEUNG KUK LAM TING LAI LING KINDERGARTEN,九龙城区,Kowloon City
137,保良局李徐松声纪念幼稚园,PO LEUNG KUK LI TSUI CHUNG SING MEMORIAL KINDERGARTEN,九龙城区,Kowloon City
138,保良局吕陈慧贞幼稚园,PO LEUNG KUK LUI CHAN WAI CHING KINDERGARTEN,九龙城区,Kowloon City
139,保良局谭欧阳少芳纪念幼稚园,PO LEUNG KUK TAM AU-YEUNG SIU FONG MEMORIAL KINDERGARTEN,九龙城区,Kowloon City
140,博爱医院任永贤夫人幼稚园,POK OI HOSPITAL MRS YAM WING YIN KINDERGARTEN,九龙城区,Kowloon City
141,香港培道小学,POOI TO PRIMARY SCHOOL,九龙城区,Kowloon City
142,圣公会牧爱幼稚园,S.K.H. GOOD SHEPHERD KINDERGARTEN,九龙城区,Kowloon City
143,圣公会圣三一堂曾肇添幼稚园,S.K.H. HOLY TRINITY CHURCH TSANG SHIU TIM KINDERGARTEN,九龙城区,Kowloon City
144,圣马可堂白普理幼稚园,ST. MARK'S CHURCH BRADBURY KINDERGARTEN,九龙城区,Kowloon City
145,圣文嘉幼稚园,ST. MONICA'S KINDERGARTEN,九龙城区,Kowloon City
146,圣罗撒幼稚园,ST. ROSE OF LIMA'S KINDERGARTEN,九龙城区,Kowloon City
147,太阳岛英文幼稚园,SUN ISLAND ENGLISH KINDERGARTEN,九龙城区,Kowloon City
148,太阳岛英文幼稚园（乐民）,SUN ISLAND ENGLISH KINDERGARTEN (LOK MAN),九龙城区,Kowloon City
149,救世军乐民幼儿学校,THE SALVATION ARMY LOK MAN NURSERY SCHOOL,九龙城区,Kowloon City
150,基督教香港崇真会安基幼儿学校,TSUNG TSIN MISSION OF HONG KONG ON KEI NURSERY SCHOOL,九龙城区,Kowloon City
151,东华三院罗黄碧珊幼儿园,TWGHS LO WONG PIK SHAN NURSERY SCHOOL,九龙城区,Kowloon City
152,威廉（睿智）幼稚园（黄埔）,WILLIAM (SMART) KINDERGARTEN (WHAMPOA),九龙城区,Kowloon City
153,港青基信幼稚园（启晴）,YMCA OF HONG KONG CHRISTIAN KINDERGARTEN (KAI CHING),九龙城区,Kowloon City
154,港青基信幼儿学校（农圃道）,YMCA OF HONG KONG CHRISTIAN NURSERY SCHOOL (FARM ROAD),九龙城区,Kowloon City
155,佛教慈慧幼儿园,BUDDHIST CHI WAI DAY NURSERY,观塘区,Kwun Tong
156,佛教金丽幼稚园,BUDDHIST KAM LAI KINDERGARTEN,观塘区,Kwun Tong
157,迦南幼稚园（丽港城）,CANNAN KINDERGARTEN (LAGUNA CITY),观塘区,Kwun Tong
158,明爱鲤鱼门幼儿学校,CARITAS NURSERY SCHOOL - LEI YUE MUN,观塘区,Kwun Tong
159,明爱油塘幼儿学校,CARITAS NURSERY SCHOOL - YAU TONG,观塘区,Kwun Tong
160,路德会陈蒙恩幼稚园,CHAN MUNG YAN LUTHERAN KINDERGARTEN,观塘区,Kwun Tong
161,天主教彩霞邨洁心幼稚园,CHOI HA ESTATE KIT SAM KINDERGARTEN,观塘区,Kwun Tong
162,基督教宣道会安泰幼稚园,CHRISTIAN & MISSIONARY ALLIANCE ON TAI KINDERGARTEN,观塘区,Kwun Tong
163,宣道会秀茂坪陈李咏贞幼稚园,CHRISTIAN ALLIANCE SAU MAU PING CHEN LEE WING TSING KINDERGARTEN,观塘区,Kwun Tong
164,基督教家庭服务中心趣乐幼稚园,CHRISTIAN FAMILY SERVICE CENTRE CHEERLAND KINDERGARTEN,观塘区,Kwun Tong
165,基督教家庭服务中心德田幼稚园,CHRISTIAN FAMILY SERVICE CENTRE TAK TIN KINDERGARTEN,观塘区,Kwun Tong
166,基督教家庭服务中心杨蔡慧娴纪念幼稚园,CHRISTIAN FAMILY SERVICE CENTRE YEOH CHOY WAI HAAN MEMORIAL KINDERGARTEN,观塘区,Kwun Tong
167,基督教小天使（丽晶）幼稚园,CHRISTIAN LITTLE ANGEL KINDERGARTEN RICHLAND GARDENS,观塘区,Kwun Tong
168,基督教小树苗幼稚园,CHRISTIAN LITTLE TREE KINDERGARTEN,观塘区,Kwun Tong
169,基督教中心幼稚园（油塘）,CHRISTIAN YOUTH CENTRE KINDERGARTEN (YAU TONG),观塘区,Kwun Tong
170,中华传道会基石幼稚园,CNEC CHRISTIAN KINDERGARTEN,观塘区,Kwun Tong
171,启思幼儿园（汇景）,CREATIVE DAY NURSERY (SCENEWAY),观塘区,Kwun Tong
172,启思幼稚园（汇景花园）,CREATIVE KINDERGARTEN (SCENEWAY GARDEN),观塘区,Kwun Tong
173,钻石山浸信会美欣幼稚园,DIAMOND HILL BAPTIST CHURCH BRIGHT BLOSSOMS KINDERGARTEN,观塘区,Kwun Tong
174,基督教香港信义会灵安幼儿学校,ELCHK  LING ON NURSERY SCHOOL,观塘区,Kwun Tong
175,花园大厦浸信会幼儿学校,GARDEN ESTATE BAPTIST NURSERY SCHOOL,观塘区,Kwun Tong
176,港澳信义会翠恩幼稚园,HONG KONG AND MACAU LUTHERAN CHURCH TSUI EN KINDERGARTEN,观塘区,Kwun Tong
177,香港基督教服务处观塘幼儿学校,HONG KONG CHRISTIAN SERVICE KWUN TONG NURSERY SCHOOL,观塘区,Kwun Tong
178,香港基督教服务处隽乐幼稚园,HONG KONG CHRISTIAN SERVICE PARIO KINDERGARTEN,观塘区,Kwun Tong
179,香港路德会观塘幼稚园,HONG KONG LUTHERAN CHURCH KWUN TONG KINDERGARTEN,观塘区,Kwun Tong
180,香港保护儿童会谭雅士伉俪幼儿学校,HONG KONG SOCIETY FOR THE PROTECTION OF CHILDREN MR & MRS THOMAS TAM NURSERY SCHOOL,观塘区,Kwun Tong
181,香港学生辅助会宝达幼儿园,HONG KONG STUDENT AID SOCIETY PO TAT NURSERY,观塘区,Kwun Tong
182,香港道教联合会飞雁幼稚园,HONG KONG TAOIST ASSOCIATION FEI NGAN KINDERGARTEN,观塘区,Kwun Tong
183,康盈中英文幼稚园,HONG YING ANGLO-CHINESE KINDERGARTEN,观塘区,Kwun Tong
184,晶晶幼稚园（顺利分校）,JING JING KINDERGARTEN (SHUN LEE BRANCH),观塘区,Kwun Tong
185,官塘浸信会幼稚园,KWUN TONG BAPTIST CHURCH KINDERGARTEN,观塘区,Kwun Tong
186,观塘循道幼稚园,KWUN TONG METHODIST KINDERGARTEN,观塘区,Kwun Tong
187,官塘雅丽斯英文幼稚园,KWUN TONG ST. AGNES ENGLISH KINDERGARTEN,观塘区,Kwun Tong
188,蓝田灵粮幼稚园,LAM TIN LING LIANG KINDERGARTEN,观塘区,Kwun Tong
189,鲤鱼门循道卫理幼稚园,LEI YUE MUN METHODIST KINDERGARTEN,观塘区,Kwun Tong
190,光爱乐幼稚园（安泰）,LIGHT AND LOVE HOME HAPPY KINDERGARTEN (ON TAI),观塘区,Kwun Tong
191,乐善堂文吴泳沂幼稚园,LOK SIN TONG MAN NG WING YEE KINDERGARTEN,观塘区,Kwun Tong
192,粤南信义会腓力堂启业幼儿学园,LUTHERAN PHILIP HOUSE KAI YIP NURSERY SCHOOL,观塘区,Kwun Tong
193,新九龙妇女会乐华幼儿园,NEW KOWLOON WOMEN ASSOCIATION LOK WAH NURSERY,观塘区,Kwun Tong
194,平安福音堂幼稚园（牛头角）,PEACE EVANGELICAL CENTRE KINDERGARTEN (NGAU TAU KOK),观塘区,Kwun Tong
195,坪石英皇幼稚园,PING SHEK KINGSLAND KINDERGARTEN,观塘区,Kwun Tong
196,保良局郑关巧妍幼稚园,PO LEUNG KUK CHENG KWAN HOW YIN KINDERGARTEN,观塘区,Kwun Tong
197,保良局黄树雄幼稚园,PO LEUNG KUK KIM HUYNH KINDERGARTEN,观塘区,Kwun Tong
198,保良局李树福幼稚园,PO LEUNG KUK LEE SHU FOOK KINDERGARTEN,观塘区,Kwun Tong
199,保良局李筱参幼稚园,PO LEUNG KUK LEE SIU CHAN KINDERGARTEN,观塘区,Kwun Tong
200,保良局方王锦全幼稚园,PO LEUNG KUK MRS FONG WONG KAM CHUEN KINDERGARTEN,观塘区,Kwun Tong
201,保良局吴宝玲幼稚园 (旧校名称: 保良局观塘幼稚园),PO LEUNG KUK NG PO LING KINDERGARTEN (Name in the past: PO LEUNG KUK KWUN TONG KINDERGARTEN),观塘区,Kwun Tong
202,博爱医院陈徐凤兰幼稚园,POK OI HOSPITAL CHAN HSU FONG LAM KINDERGARTEN,观塘区,Kwun Tong
203,博爱医院施淑镇幼稚园,POK OI HOSPITAL SY SIOK CHUN KINDERGARTEN,观塘区,Kwun Tong
204,圣公会慈光堂圣匠幼稚园,S.K.H. KINDLY LIGHT CHURCH HOLY CARPENTER KINDERGARTEN,观塘区,Kwun Tong
205,圣公会慈光堂圣匠幼稚园（分校）,S.K.H. KINDLY LIGHT CHURCH HOLY CARPENTER KINDERGARTEN (BRANCH),观塘区,Kwun Tong
206,路德会沙仑堂幼稚园,SHARON LUTHERAN CHURCH KINDERGARTEN,观塘区,Kwun Tong
207,善一堂安逸幼稚园,SHIN YAT TONG ON YAT KINDERGARTEN,观塘区,Kwun Tong
208,顺德联谊总会梁洁华幼稚园,SHUN TAK FRATERNAL ASSOCIATION LEUNG KIT WAH KINDERGARTEN,观塘区,Kwun Tong
209,礼贤会顺天幼儿园,SHUN TIN RHENISH NURSERY,观塘区,Kwun Tong
210,圣母洁心会福音秀茂坪幼稚园,SISTERS OF THE IMMACULATE HEART OF MARY GOSPEL SAU MAU PING KINDERGARTEN,观塘区,Kwun Tong
211,天主教圣云先幼儿学校,ST VINCENT DE PAUL NURSERY SCHOOL,观塘区,Kwun Tong
212,圣安当幼稚园,ST. ANTONIUS KINDERGARTEN,观塘区,Kwun Tong
213,圣巴拿巴堂幼稚园,ST. BARNABAS' CHURCH KINDERGARTEN,观塘区,Kwun Tong
214,天主教圣雅各伯幼稚园,ST. JAMES CATHOLIC KINDERGARTEN,观塘区,Kwun Tong
215,路德会圣腓力堂幼稚园,ST. PHILIP LUTHERAN CHURCH KINDERGARTEN,观塘区,Kwun Tong
216,德福幼稚园,TELFORD GARDENS KINDERGARTEN,观塘区,Kwun Tong
217,香港小童群益会乐致幼稚园（九龙湾）,THE BOYS' AND GIRLS' CLUBS ASSOCIATION OF HONG KONG CHEERLAND KINDERGARTEN (KOWLOON BAY),观塘区,Kwun Tong
218,中华基督教会基法幼稚园,THE CHURCH OF CHRIST IN CHINA KEI FAAT KINDERGARTEN,观塘区,Kwun Tong
219,中华基督教会基华幼稚园,THE CHURCH OF CHRIST IN CHINA KEI WA KINDERGARTEN,观塘区,Kwun Tong
220,香港青年协会郑坚固幼稚园,THE HONG KONG FEDERATION OF YOUTH GROUPS KK CHENG KINDERGARTEN,观塘区,Kwun Tong
221,救世军中原慈善基金油塘幼稚园,THE SALVATION ARMY CENTALINE CHARITY FUND YAU TONG KINDERGARTEN,观塘区,Kwun Tong
222,救世军平田幼稚园,THE SALVATION ARMY PING TIN KINDERGARTEN,观塘区,Kwun Tong
223,基督教香港崇真会安怡幼儿学校,TSUNG TSIN MISSION OF HONG KONG ON YEE NURSERY SCHOOL,观塘区,Kwun Tong
224,东华三院黄士心幼稚园,TUNG WAH GROUP OF HOSPITALS WONG SEE SUM KINDERGARTEN,观塘区,Kwun Tong
225,东华三院陈娴幼儿园,TWGHS CHAN HAN NURSERY SCHOOL,观塘区,Kwun Tong
226,东华三院何蓝琼缨幼稚园,TWGHS LUCINA LAAM HO KINDERGARTEN,观塘区,Kwun Tong
227,基督教联合医务协会幼儿学校,UNITED CHRISTIAN MEDICAL SERVICE NURSERY SCHOOL,观塘区,Kwun Tong
228,圆玄幼稚园（平田邨）,YUEN YUEN KINDERGARTEN (PING TIN ESTATE),观塘区,Kwun Tong
229,主荫幼稚园,ANANI KINDERGARTEN,葵青区,Kwai Tsing
230,循道卫理联合教会亚斯理幼稚园,ASBURY METHODIST KINDERGARTEN,葵青区,Kwai Tsing
231,路德会长青幼儿园,CHEUNG CHING LUTHERAN DAY NURSERY,葵青区,Kwai Tsing
232,中华基督教青年会葵涌幼稚园,CHINESE YMCA KWAI CHUNG KINDERGARTEN,葵青区,Kwai Tsing
233,卓思英文学校暨幼稚园（青怡分校）,CHOICE ENGLISH SCHOOL & KINDERGARTEN (TSING YI BRANCH),葵青区,Kwai Tsing
234,启思幼稚园（青衣）,CREATIVE KINDERGARTEN (TSING YI),葵青区,Kwai Tsing
235,基督教香港信义会天恩幼儿学校,ELCHK  GRACE NURSERY SCHOOL,葵青区,Kwai Tsing
236,基督教香港信义会灵工幼儿学校,ELCHK  LING KUNG NURSERY SCHOOL,葵青区,Kwai Tsing
237,富瑶幼稚园,FU YIU KINDERGARTEN,葵青区,Kwai Tsing
238,嘉言中英文幼稚园,GREENVILLE ANGLO-CHINESE KINDERGARTEN,葵青区,Kwai Tsing
239,协康会上海总会康苗幼稚园,HEEP HONG SOCIETY SHANGHAI FRATERNITY ASSOCIATION HEALTHY KIDS KINDERGARTEN,葵青区,Kwai Tsing
240,香港圣公会麦理浩夫人中心（石荫）幼稚园,HONG KONG SHENG KUNG HUI LADY MACLEHOSE CENTRE (SHEK YAM) KINDERGARTEN,葵青区,Kwai Tsing
241,香港圣公会麦理浩夫人中心幼稚园,HONG KONG SHENG KUNG HUI LADY MACLEHOSE CENTRE KINDERGARTEN,葵青区,Kwai Tsing
242,香港圣公会圣尼哥拉幼儿学校,HONG KONG SHENG KUNG HUI ST NICHOLAS' NURSERY SCHOOL,葵青区,Kwai Tsing
243,香港圣公会基督显现堂幼稚园,HONG KONG SHENG KUNG HUI THE CHURCH OF THE EPIPHANY KINDERGARTEN,葵青区,Kwai Tsing
244,香港基督教女青年会长青幼儿学校,HONG KONG YOUNG WOMEN'S CHRISTIAN ASSOCIATION CHEUNG CHING NURSERY SCHOOL,葵青区,Kwai Tsing
245,伊斯兰博爱幼稚园,ISLAMIC POK OI KINDERGARTEN,葵青区,Kwai Tsing
246,葵涌浸信会幼稚园,KWAI CHUNG BAPTIST CHURCH KINDERGARTEN,葵青区,Kwai Tsing
247,葵盛礼贤会幼稚园,KWAI SHING RHENISH CHURCH KINDERGARTEN,葵青区,Kwai Tsing
248,礼贤会荔景幼儿园,LAI KING RHENISH NURSERY,葵青区,Kwai Tsing
249,乐景幼稚园,LOK KING KINDERGARTEN,葵青区,Kwai Tsing
250,路德会青衣城幼儿园,MARITIME SQUARE LUTHERAN DAY NURSERY,葵青区,Kwai Tsing
251,新界妇孺福利会长发邨幼儿学校,NEW TERRITORIES WOMEN & JUVENILES WELFARE ASSOCIATION LIMITED CHEUNG FAT ESTATE NURSERY SCHOOL,葵青区,Kwai Tsing
252,平安福音堂幼稚园（青衣）,PEACE EVANGELICAL CENTRE KINDERGARTEN (TSING YI),葵青区,Kwai Tsing
253,保良局张心瑜幼稚园,PO LEUNG KUK FIONA CHEUNG SUM YU KINDERGARTEN,葵青区,Kwai Tsing
254,保良局吕陈慧贞（葵芳）幼稚园,PO LEUNG KUK LUI CHAN WAI CHING (KWAI FONG) KINDERGARTEN,葵青区,Kwai Tsing
255,保良局李俊驹伉俪幼稚园,PO LEUNG KUK MR. & MRS. CHARLIE LEE KINDERGARTEN,葵青区,Kwai Tsing
256,保良局谭华正夫人幼稚园,PO LEUNG KUK MRS TAM WAH CHING KINDERGARTEN,葵青区,Kwai Tsing
257,保良局曹金霖夫人幼稚园,PO LEUNG KUK MRS. CHAO KING LIN KINDERGARTEN,葵青区,Kwai Tsing
258,保良局田家炳幼稚园,PO LEUNG KUK TIN KA PING KINDERGARTEN,葵青区,Kwai Tsing
259,路德会恩石幼稚园,ROCK OF AGES LUTHERAN KINDERGARTEN,葵青区,Kwai Tsing
260,圣公会圣基道幼儿园（葵涌）,S K H ST CHRISTOPHER'S NURSERY (KWAI CHUNG),葵青区,Kwai Tsing
261,圣公会荆冕堂葵涌幼稚园,S.K.H. CROWN OF THORNS CHURCH KWAI CHUNG KINDERGARTEN,葵青区,Kwai Tsing
262,圣公会荆冕堂士德幼稚园,S.K.H. CROWN OF THORNS CHURCH SADICK KINDERGARTEN,葵青区,Kwai Tsing
263,善正幼稚园,SIN CHING KINDERGARTEN,葵青区,Kwai Tsing
264,圣斯德望天主教幼稚园,ST. STEPHEN'S CATHOLIC KINDERGARTEN,葵青区,Kwai Tsing
265,天主教圣多默幼稚园,ST. THOMAS' CATHOLIC KINDERGARTEN,葵青区,Kwai Tsing
266,太阳岛英文幼稚园（葵兴分校）,SUN ISLAND ENGLISH KINDERGARTEN (KWAI HING BRANCH),葵青区,Kwai Tsing
267,太阳岛英文幼稚园（葵景分校）,SUN ISLAND ENGLISH KINDERGARTEN (KWAI KING BRANCH),葵青区,Kwai Tsing
268,崇基幼稚园,SUNG KEI KINDERGARTEN,葵青区,Kwai Tsing
269,中华基督教会全完幼稚园,THE CHURCH OF CHRIST IN CHINA CHUEN YUEN KINDERGARTEN,葵青区,Kwai Tsing
270,救世军富强幼稚园,THE SALVATION ARMY FU KEUNG KINDERGARTEN,葵青区,Kwai Tsing
271,救世军大窝口幼儿学校,THE SALVATION ARMY TAI WO HAU NURSERY SCHOOL,葵青区,Kwai Tsing
272,宏福中英文幼稚园,TIVOLI ANGLO-CHINESE KINDERGARTEN,葵青区,Kwai Tsing
273,宏福幼稚园,TIVOLI KINDERGARTEN,葵青区,Kwai Tsing
274,青衣商会幼稚园,TSING YI TRADE ASSOCIATION KINDERGARTEN,葵青区,Kwai Tsing
275,青衣商会石荫幼稚园,TSING YI TRADE ASSOCIATION SHEK YAM KINDERGARTEN,葵青区,Kwai Tsing
276,荃浸石篱幼稚园,TSUEN WAN BAPTIST CHURCH SHEK LEI KINDERGARTEN,葵青区,Kwai Tsing
277,荃湾商会朱昌幼稚园,TSUEN WAN TRADE ASSOCIATION CHU CHEONG KINDERGARTEN,葵青区,Kwai Tsing
278,荃湾商会钟来幼稚园,TSUEN WAN TRADE ASSOCIATION CHUNG LOI KINDERGARTEN,葵青区,Kwai Tsing
279,荃湾商会邱健峰幼稚园,TSUEN WAN TRADE ASSOCIATION YAU KIN FUNG KINDERGARTEN,葵青区,Kwai Tsing
280,东华三院王胡丽明幼稚园,TUNG WAH GROUP OF HOSPITALS WONG WU LAI MING KINDERGARTEN,葵青区,Kwai Tsing
281,东华三院香港炉峯狮子会幼儿园,TWGHS LIONS CLUB OF THE PEAK HONG KONG NURSERY SCHOOL,葵青区,Kwai Tsing
282,世佛会文殊幼儿学校,W.F.B. MANJUSRI NURSERY SCHOOL,葵青区,Kwai Tsing
283,仁济医院裘锦秋幼稚园,YAN CHAI HOSPITAL JU CHING CHU KINDERGARTEN,葵青区,Kwai Tsing
284,仁济医院董伯英幼稚园,YAN CHAI HOSPITAL TUNG PAK YING KINDERGARTEN,葵青区,Kwai Tsing
285,仁济医院九龙崇德社幼稚园,YAN CHAI HOSPITAL ZONTA CLUB OF KOWLOON KINDERGARTEN,葵青区,Kwai Tsing
286,仁爱堂彭鸿樟幼稚园,YAN OI TONG PANG HUNG CHEUNG KINDERGARTEN,葵青区,Kwai Tsing
287,比诺中英文幼稚园（龙琛路校址）,BILOK ANGLO-CHINESE KINDERGARTEN (LOCATION: LUNG SUM AVENUE),北区,North
288,比诺中英文幼稚园（翠丽花园校址）,BILOK ANGLO-CHINESE KINDERGARTEN (LOCATION: TSUI  LAI GARDEN),北区,North
289,佛教沈东福幼稚园,BUDDHIST SUM TUNG FOOK KINDERGARTEN,北区,North
290,嘉宝中英文幼稚园（粉岭）,CARBO ANGLO-CHINESE KINDERGARTEN (FANLING),北区,North
291,明爱打鼓岭幼儿学校,CARITAS NURSERY SCHOOL - TA KWU LING,北区,North
292,明爱香港崇德社幼儿学校,CARITAS ZONTA  CLUB OF HONG KONG NURSERY SCHOOL,北区,North
293,神召会华人同工联会景盛幼稚园,"CHINESE CHRISTIAN WORKER'S FELLOWSHIP LIMITED, KING SHING KINDERGARTEN",北区,North
294,神召会华人同工联会彩蒲幼稚园,CHINESE CHRISTIAN WORKER'S FELLOWSHIP LTD. CHOI PO KINDERGARTEN,北区,North
295,中华基督教青年会上水幼稚园,CHINESE Y.M.C.A. SHEUNG SHUI KINDERGARTEN,北区,North
296,牵晴间培元英文幼稚园,DAWNING VIEWS ELEMENTI ENGLISH KINDERGARTEN,北区,North
297,基督教粉岭神召会恩光幼稚园,FANLING ASSEMBLY OF GOD CHURCH GRACE LIGHT KINDERGARTEN,北区,North
298,粉岭浸信会吕明才幼稚园,FANLING BAPTIST CHURCH LUI MING CHOI KINDERGARTEN,北区,North
299,凤溪幼稚园,FUNG KAI KINDERGARTEN,北区,North
300,耀基创艺幼稚园,GLORIA CREATIVE KINDERGARTEN,北区,North
301,耀基创艺幼稚园（上水）,GLORIA CREATIVE KINDERGARTEN (SHEUNG SHUI),北区,North
302,香海正觉莲社佛教慧光嘉福幼稚园,HHCKLA BUDDHIST WAI KWONG KA FUK KINDERGARTEN,北区,North
303,香海正觉莲社佛教慧光幼稚园,HHCKLA BUDDHIST WAI KWONG KINDERGARTEN,北区,North
304,香港宣教会优质幼儿学校,HKEC ELITE KINDERGARTEN,北区,North
305,香港五常法幼稚园,HONG KONG 5-S KINDERGARTEN,北区,North
306,香港保护儿童会圣诞老人爱心粉岭幼儿学校,HONG KONG SOCIETY FOR THE PROTECTION OF CHILDREN OPERATION SANTA CLAUS FANLING NURSERY SCHOOL,北区,North
307,嘉福浸信会幼儿园,KA FUK BAPTIST CHURCH PRE-SCHOOL,北区,North
308,金钱村何东幼稚园,KAM TSIN VILLAGE HO TUNG KINDERGARTEN,北区,North
309,九龙城浸信会嘉福幼稚园,KOWLOON CITY BAPTIST CHURCH KA FUK KINDERGARTEN,北区,North
310,新界妇孺福利会粉岭幼儿学校,NEW TERRITORIES WOMEN & JUVENILES WELFARE ASSOCIATION LIMITED FANLING NURSERY SCHOOL,北区,North
311,新界妇孺福利会上水幼儿学校,NEW TERRITORIES WOMEN & JUVENILES WELFARE ASSOCIATION LIMITED SHEUNG SHUI NURSERY SCHOOL,北区,North
312,保良局庄启程夫人幼稚园,PO LEUNG KUK MRS. VICWOOD K.T. CHONG KINDERGARTEN,北区,North
313,保良局戴苏小韫幼稚园,PO LEUNG KUK TAI SO SHIU WAN KINDERGARTEN,北区,North
314,上水堂幼稚园,SHEUNG SHUI CHURCH KINDERGARTEN,北区,North
315,上水培幼幼稚园,SHEUNG SHUI PUI YAU KINDERGARTEN,北区,North
316,上水礼贤会幼稚园,SHEUNG SHUI RHENISH CHURCH KINDERGARTEN,北区,North
317,上水惠州幼稚园（分校）,SHEUNG SHUI WAI CHOW KINDERGARTEN (BRANCH),北区,North
318,太平幼稚园,TAI PING KINDERGARTEN,北区,North
319,基督徒信望爱堂华明幼稚园,THE CHRISTIAN THE FAITH HOPE LOVE CHURCH WAH MING KINDERGARTEN,北区,North
320,基督教香港信义会祥华幼稚园（祥丰楼校址）,THE EVANGELICAL LUTHERAN CHURCH OF HONG KONG CHEUNG WAH KINDERGARTEN (LOCATION: CHEUNG FUNG HOUSE),北区,North
321,基督教香港信义会祥华幼稚园（祥裕楼校址）,THE EVANGELICAL LUTHERAN CHURCH OF HONG KONG CHEUNG WAH KINDERGARTEN (LOCATION: CHEUNG YUE HOUSE),北区,North
322,粉岭神召会幼稚园,THE FANLING ASSEMBLIES OF GOD KINDERGARTEN,北区,North
323,邻舍辅导会粉岭幼儿园,THE NEIGHBOURHOOD ADVICE-ACTION COUNCIL FANLING DAY NURSERY,北区,North
324,救世军天平幼儿学校,THE SALVATION ARMY TIN PING NURSERY SCHOOL,北区,North
325,真理浸信会何袁惠琼幼稚园,TRUTH BAPTIST CHURCH HO YUEN WAI KING KINDERGARTEN,北区,North
326,东华三院方树福堂幼稚园（粉岭皇后山邨校址）,"TUNG WAH GROUP OF HOSPITALS FONG SHU FOOK TONG KINDERGARTEN (LOCATION: QUEENS HILL ESTATE, FANLING)",北区,North
327,东华三院徐展堂幼稚园,TUNG WAH GROUP OF HOSPITALS TSUI TSIN TONG KINDERGARTEN,北区,North
328,东华三院洪王家琪幼儿园,TWGHS  HUNG WONG KAR GEE NURSERY SCHOOL,北区,North
329,仁济医院永隆幼稚园,YAN CHAI HOSPITAL WING LUNG KINDERGARTEN,北区,North
330,比华利中英文幼稚园,BEVERLY ANGLO-CHINESE KINDERGARTEN,西贡区,Sai Kung
331,明爱翠林幼儿学校,CARITAS NURSERY SCHOOL - TSUI LAM,西贡区,Sai Kung
332,基督教宣道会香港区联会将军澳宣道幼稚园,CHRISTIAN & MISSIONARY ALLIANCE CHURCH UNION TSEUNG KWAN O ALLIANCE KINDERGARTEN,西贡区,Sai Kung
333,基督教宣道会茵怡幼稚园,CHRISTIAN AND MISSIONARY ALLIANCE CHURCH VERBENA KINDERGARTEN,西贡区,Sai Kung
334,基督教香港信义会健明幼儿学校,ELCHK  KIN MING NURSERY SCHOOL,西贡区,Sai Kung
335,基督教香港信义会将军澳幼稚园,ELCHK TSEUNG KWAN O KINDERGARTEN,西贡区,Sai Kung
336,中国基督教播道会厚恩堂厚恩幼儿学校,EVANGELICAL FREE CHURCH OF CHINA - ABUNDANT GRACE CHURCH ABUNDANT GRACE NURSERY SCHOOL,西贡区,Sai Kung
337,中国基督教播道会茵怡幼儿学校,EVANGELICAL FREE CHURCH OF CHINA - VERBENA NURSERY SCHOOL,西贡区,Sai Kung
338,欢乐创意幼稚园,FUN CREATIVE KINDERGARTEN,西贡区,Sai Kung
339,啬色园主办可正幼稚园,HO CHING KINDERGARTEN (SPONSORED BY SIK SIK YUEN),西贡区,Sai Kung
340,香港圣公会圣西门西贡幼儿学校,HONG KONG SHENG KUNG HUI ST SIMON'S SAI KUNG NURSERY SCHOOL,西贡区,Sai Kung
341,香港保护儿童会维景湾幼儿学校,HONG KONG SOCIETY FOR THE PROTECTION OF CHILDREN OCEAN SHORES NURSERY SCHOOL,西贡区,Sai Kung
342,香港保护儿童会施吴淑敏幼儿学校,HONG KONG SOCIETY FOR THE PROTECTION OF CHILDREN SZE WU SHU MIN NURSERY SCHOOL,西贡区,Sai Kung
343,将军澳英皇幼稚园,JUNK BAY KINGSLAND KINDERGARTEN,西贡区,Sai Kung
344,路德会景林幼儿园,KING LAM LUTHERAN DAY NURSERY,西贡区,Sai Kung
345,观塘浸信会彩明幼稚园,KWUN TONG BAPTIST CHURCH CHOI MING KINDERGARTEN,西贡区,Sai Kung
346,基督教乐道幼稚园,LOCK TAO CHRISTIAN KINDERGARTEN,西贡区,Sai Kung
347,竹园区神召会梁省德中英文幼稚园,PENTECOSTAL CHURCH OF HONG KONG LEUNG SING TAK ANGLO-CHINESE KINDERGARTEN,西贡区,Sai Kung
348,竹园区神召会将军澳康乐幼儿学校,PENTECOSTAL CHURCH OF HONG KONG TSEUNG KWAN O NURSERY SCHOOL,西贡区,Sai Kung
349,保良局蔡继有幼稚园,PO LEUNG KUK CHOI KAI YAU KINDERGARTEN,西贡区,Sai Kung
350,保良局方王换娣幼稚园,PO LEUNG KUK FONG WONG WOON TAI KINDERGARTEN,西贡区,Sai Kung
351,保良局叶吴彬彬幼稚园 (旧校名称: 保良局易泽峰幼稚园),PO LEUNG KUK YIP NG BUN BUN KINDERGARTEN (Name in the past: PO LEUNG KUK YICK CHARK FUNG KINDERGARTEN),西贡区,Sai Kung
352,西贡乐育幼稚园,SAI KUNG LOK-YUK KINDERGARTEN,西贡区,Sai Kung
353,天主教圣安德肋幼稚园,ST ANDREW'S CATHOLIC KINDERGARTEN,西贡区,Sai Kung
354,香港神托会培恩幼稚园,STEWARDS POOI YAN KINDERGARTEN,西贡区,Sai Kung
355,太阳岛英文幼稚园（西贡分校）,SUN ISLAND ENGLISH KINDERGARTEN (SAI KUNG BRANCH),西贡区,Sai Kung
356,香港浸信会联会香港西北扶轮社幼稚园,THE BAPTIST CONVENTION OF HONG KONG ROTARY CLUB OF HONG KONG NORTHWEST KINDERGARTEN,西贡区,Sai Kung
357,香港小童群益会乐致幼稚园（将军澳）,THE BOYS' AND GIRLS' CLUBS ASSOCIATION OF HONG KONG CHEERLAND KINDERGARTEN (TSEUNG KWAN O),西贡区,Sai Kung
358,中华基督教会香港志道堂基博幼稚园（将军澳）,"THE CHURCH OF CHRIST IN CHINA, HONG KONG CHI TO CHURCH KEI POK KINDERGARTEN (TSEUNG KWAN O)",西贡区,Sai Kung
359,香港华人基督会煜明幼稚园,THE HONG KONG CHINESE CHURCH OF CHRIST THE LIGHT KINDERGARTEN,西贡区,Sai Kung
360,基督教圣约教会司务道幼稚园,THE MISSION COVENANT CHURCH SISTER ANNIE'S KINDERGARTEN,西贡区,Sai Kung
361,救世军庆恩幼稚园,THE SALVATION ARMY HING YAN KINDERGARTEN,西贡区,Sai Kung
362,救世军明德幼儿学校,THE SALVATION ARMY MING TAK NURSERY SCHOOL,西贡区,Sai Kung
363,将军澳循道卫理幼稚园,TSEUNG KWAN O METHODIST KINDERGARTEN,西贡区,Sai Kung
364,青衣商会将军澳幼稚园,TSING YI TRADE ASSOCIATION TSEUNG KWAN O KINDERGARTEN,西贡区,Sai Kung
365,翠林邨浸信会幼稚园,TSUI LAM ESTATE BAPTIST KINDERGARTEN,西贡区,Sai Kung
366,崇真会美善幼稚园,TSUNG TSIN MISSION GRACEFUL KINDERGARTEN,西贡区,Sai Kung
367,东华三院力勤幼稚园,TUNG WAH GROUP OF HOSPITALS NICKON KINDERGARTEN,西贡区,Sai Kung
368,东华三院香港华都狮子会幼稚园,TWGHS LIONS CLUB OF METROPOLITAN HONG KONG KINDERGARTEN,西贡区,Sai Kung
369,仁爱堂邓杨咏曼幼稚园,YAN OI TONG DAN YANG WING MAN KINDERGARTEN,西贡区,Sai Kung
370,香港仔浸信会白光幼稚园,ABERDEEN BAPTIST CHURCH PAK KWONG KINDERGARTEN,南区,Southern
371,迦南幼稚园（香港）,CANNAN KINDERGARTEN (HONG KONG),南区,Southern
372,基督教宣道会利东幼儿学校,CHRISTIAN & MISSIONARY ALLIANCE LEI TUNG NURSERY SCHOOL,南区,Southern
373,基督教宣道会海怡幼儿学校,CHRISTIAN & MISSIONARY ALLIANCE SOUTH HORIZONS NURSERY SCHOOL,南区,Southern
374,启思幼稚园（深湾轩）,CREATIVE KINDERGARTEN (SHAM WAN TOWERS),南区,Southern
375,啬色园主办可仁幼稚园,HO YAN KINDERGARTEN (SPONSORED BY SIK SIK YUEN),南区,Southern
376,路德会利东幼儿园,LEI TUNG LUTHERAN DAY NURSERY,南区,Southern
377,保良局庄启程夫人（华贵）幼稚园,PO LEUNG KUK MRS VICWOOD K T CHONG (WAH KWAI) KINDERGARTEN,南区,Southern
378,圣文嘉中英文幼稚园,ST. MONICA'S ANGLO-CHINESE KINDERGARTEN,南区,Southern
379,圣文嘉中英文幼稚园（华贵邨）,ST. MONICA'S ANGLO-CHINESE KINDERGARTEN (WAH KWAI ESTATE),南区,Southern
380,天主教圣伯多禄幼稚园,ST. PETER'S CATHOLIC KINDERGARTEN,南区,Southern
381,圣公会圣彼得堂幼稚园（赤柱分校）,ST. PETER'S CHURCH KINDERGARTEN (STANLEY),南区,Southern
382,圣德兰幼稚园,ST. TERESA'S KINDERGARTEN,南区,Southern
383,基督教海面传道会仁爱幼稚园,THE HONG KONG HARBOUR MISSION CHURCH YAN OI KINDERGARTEN,南区,Southern
384,救世军华富幼儿学校,THE SALVATION ARMY WAH FU NURSERY SCHOOL,南区,Southern
385,循道卫理田湾幼稚园,TIN WAN METHODIST KINDERGARTEN,南区,Southern
386,东华三院萧旺李满福幼儿园,TWGHS  SHIU WONG LEE MOON FOOK NURSERY SCHOOL,南区,Southern
387,东华三院田湾（一九九六至一九九七总理）幼稚园,TWGHS TIN WAN (1996-1997 DIRECTORS) KINDERGARTEN,南区,Southern
388,香港西区妇女福利会鸭脷洲邨幼稚园,WOMEN'S WELFARE CLUB WESTERN DISTRICT HONG KONG AP LEI CHAU KINDERGARTEN,南区,Southern
389,浸信会爱羣社会服务处培殷幼儿学校,BAPTIST OI KWAN SOCIAL SERVICE PUI YAN PRE-PRIMARY SCHOOL,深水埗区,Sham Shui Po
390,佛教曾果成中英文幼稚园,BUDDHIST TSANG KOR SING ANGLO-CHINESE KINDERGARTEN,深水埗区,Sham Shui Po
391,智乐幼稚园（南昌街校址）,CHE LOK KINDERGARTEN (LOCATION: NAM CHEONG STREET),深水埗区,Sham Shui Po
392,智乐幼稚园（大南街校址）,CHE LOK KINDERGARTEN (LOCATION: TAI NAN STREET),深水埗区,Sham Shui Po
393,长沙湾街坊福利会林谭燕华幼稚园,CHEUNG SHA WAN KAI FONG WELFARE ASSOCIATION LAM TAM YIN WAH KINDERGARTEN,深水埗区,Sham Shui Po
394,宣道会雷蔡群乐幼稚园,CHRISTIAN ALLIANCE LOUEY CHOY KWAN LOK KINDERGARTEN,深水埗区,Sham Shui Po
395,地利亚英文小学暨幼稚园（百老汇街校址）,DELIA ENGLISH PRIMARY SCHOOL & KINDERGARTEN (LOCATION: BROADWAY),深水埗区,Sham Shui Po
396,地利亚英文小学暨幼稚园（第８期校址）,DELIA ENGLISH PRIMARY SCHOOL & KINDERGARTEN (LOCATION: STAGE 8),深水埗区,Sham Shui Po
397,基督教香港信义会南昌幼稚园,EVANGELICAL LUTHERAN CHURCH OF HONG KONG NAM CHEONG KINDERGARTEN,深水埗区,Sham Shui Po
398,深信堂幼稚园,FAITH LUTHERAN CHURCH KINDERGARTEN,深水埗区,Sham Shui Po
399,佳宝幼稚园,GUIDEPOSTS KINDERGARTEN,深水埗区,Sham Shui Po
400,佳宝幼稚园（南昌分校）,GUIDEPOSTS KINDERGARTEN (NAM CHEONG BRANCH),深水埗区,Sham Shui Po
401,香港基督教服务处李郑屋幼儿学校,HONG KONG CHRISTIAN SERVICE LEI CHENG UK NURSERY SCHOOL,深水埗区,Sham Shui Po
402,香港基督教服务处石硖尾幼儿学校,HONG KONG CHRISTIAN SERVICE SHEK KIP MEI NURSERY SCHOOL,深水埗区,Sham Shui Po
403,香港基督教服务处大坑东幼儿学校,HONG KONG CHRISTIAN SERVICE TAI HANG TUNG NURSERY SCHOOL,深水埗区,Sham Shui Po
404,香港灵粮堂秀德幼稚园,HONG KONG LING LIANG CHURCH SAU TAK KINDERGARTEN,深水埗区,Sham Shui Po
405,香港灵粮堂秀德幼稚园（二校）,HONG KONG LING LIANG CHURCH SAU TAK KINDERGARTEN(CAMPUS 2),深水埗区,Sham Shui Po
406,香港圣公会基爱幼儿学校,HONG KONG SHENG KUNG HUI KEI OI NURSERY SCHOOL,深水埗区,Sham Shui Po
407,香港保护儿童会长沙湾幼儿学校,HONG KONG SOCIETY FOR THE PROTECTION OF CHILDREN CHEUNG SHA WAN NURSERY SCHOOL,深水埗区,Sham Shui Po
408,香港基督教女青年会宏恩幼稚园,HONG KONG Y.W.C.A ATHENA KINDERGARTEN,深水埗区,Sham Shui Po
409,香港基督教女青年会赵霭华幼儿学校,HONG KONG YOUNG WOMEN'S CHRISTIAN ASSOCIATION CHIU OI WAH NURSERY SCHOOL,深水埗区,Sham Shui Po
410,香港基督教女青年会绍邦幼儿学校,HONG KONG YOUNG WOMEN'S CHRISTIAN ASSOCIATION SHIU PONG NURSERY SCHOOL,深水埗区,Sham Shui Po
411,雅各中英文幼稚园（深水埗校）,JAMES ANGLO-CHINESE KINDERGARTEN (SHAM SHUI PO),深水埗区,Sham Shui Po
412,基督教挪威差会主办信义中英文幼稚园,N-M-S' LUTHERAN KINDERGARTEN,深水埗区,Sham Shui Po
413,竹园区神召会南昌康乐幼儿学校,PENTECOSTAL CHURCH OF HONG KONG NAM CHEONG NURSERY SCHOOL,深水埗区,Sham Shui Po
414,保良局梁安琪幼稚园,PO LEUNG KUK ANGELA LEONG ON KEI KINDERGARTEN,深水埗区,Sham Shui Po
415,保良局刘陈小宝幼稚园,PO LEUNG KUK LAU CHAN SIU PO KINDERGARTEN,深水埗区,Sham Shui Po
416,宝血幼稚园（深水埗）,PRECIOUS BLOOD KINDERGARTEN (SHAM SHUI PO),深水埗区,Sham Shui Po
417,深水埗浸信会幼稚园,SHAM SHUI PO BAPTIST CHURCH KINDERGARTEN,深水埗区,Sham Shui Po
418,深水埗德善幼稚园,SHAM SHUI PO TAK SHIN KINDERGARTEN,深水埗区,Sham Shui Po
419,圣公会深水埗基爱堂幼稚园,SHENG KUNG HUI SHAM SHUI PO KEI OI CHURCH KINDERGARTEN,深水埗区,Sham Shui Po
420,圣多马堂幼稚园,ST. THOMAS' CHURCH KINDERGARTEN,深水埗区,Sham Shui Po
421,宣美幼稚园,SUEN MEI KINDERGARTEN,深水埗区,Sham Shui Po
422,德贞幼稚园,TACK CHING KINDERGARTEN,深水埗区,Sham Shui Po
423,中华基督教会协和幼稚园,THE CHURCH OF CHRIST IN CHINA HEEP WOH KINDERGARTEN,深水埗区,Sham Shui Po
424,中华基督教会基真幼稚园,THE CHURCH OF CHRIST IN CHINA KEI CHUN KINDERGARTEN,深水埗区,Sham Shui Po
425,中华基督教会深爱堂幼稚园,THE CHURCH OF CHRIST IN CHINA SHUM OI CHURCH KINDERGARTEN,深水埗区,Sham Shui Po
426,救世军白田幼儿学校,THE SALVATION ARMY PAK TIN NURSERY SCHOOL,深水埗区,Sham Shui Po
427,救世军苏屋幼稚园,THE SALVATION ARMY SO UK KINDERGARTEN,深水埗区,Sham Shui Po
428,基督教香港崇真会安康幼儿学校（顺宁道）,TSUNG TSIN MISSION OF HONG KONG ON HONG NURSERY SCHOOL (SHUN NING ROAD),深水埗区,Sham Shui Po
429,崇真会白田美善幼稚园,TSUNG TSIN MISSION PAK TIN GRACEFUL KINDERGARTEN,深水埗区,Sham Shui Po
430,崇真小学暨幼稚园,TSUNG TSIN PRIMARY SCHOOL AND KINDERGARTEN,深水埗区,Sham Shui Po
431,东华三院谭锦球伉俪幼稚园,TWGHS MR. & MRS. TAM KAM KAU KINDERGARTEN,深水埗区,Sham Shui Po
432,西太平洋幼稚园,WESTERN PACIFIC KINDERGARTEN,深水埗区,Sham Shui Po
433,仁爱堂庞卢淑燕幼稚园,YAN OI TONG PONG LO SHUK YIN KINDERGARTEN,深水埗区,Sham Shui Po
434,又一村学校,YAU YAT CHUEN SCHOOL,深水埗区,Sham Shui Po
435,蓝如溪盛成皿教育基金边陈之娟幼稚园,ALICE LAN & VERA SHEN EDUCATION FUND DELIA PEI KINDERGARTEN,沙田区,Sha Tin
436,基督教神召会合一堂幼稚园,ASSEMBLY OF GOD UNION CHURCH KINDERGARTEN,沙田区,Sha Tin
437,明爱沙田幼儿学校,CARITAS NURSERY SCHOOL - SHATIN,沙田区,Sha Tin
438,基督教宣道会颂安幼稚园,CHRISTIAN & MISSIONARY ALLIANCE JOYFUL PEACE KINDERGARTEN,沙田区,Sha Tin
439,基督教宣道会沙田幼儿学校,CHRISTIAN & MISSIONARY ALLIANCE SHATIN NURSERY SCHOOL,沙田区,Sha Tin
440,基督教小天使（锦丰）幼稚园,CHRISTIAN LITTLE ANGEL KINDERGARTEN  (KAM FUNG COURT),沙田区,Sha Tin
441,启思幼稚园（帝堡城）,CREATIVE KINDERGARTEN (CASTELLO),沙田区,Sha Tin
442,香港中文大学校友会联会张煊昌幼稚园,CUHK FEDERATION OF ALUMNI ASSOCIATIONS THOMAS CHEUNG KINDERGARTEN,沙田区,Sha Tin
443,基督教香港信义会颂安幼儿学校,ELCHK  CHUNG ON NURSERY SCHOOL,沙田区,Sha Tin
444,基督教香港信义会沙田信义幼稚园,ELCHK SHATIN LUTHERAN KINDERGARTEN,沙田区,Sha Tin
445,沙田灵光幼儿学校,EMMANUEL CHURCH SHATIN NURSERY SCHOOL,沙田区,Sha Tin
446,循理会白普理循理幼儿学校,FREE METHODIST CHURCH BRADBURY CHUN LEI NURSERY SCHOOL,沙田区,Sha Tin
447,恒安浸信会幼儿学校,HENG ON BAPTIST NURSERY SCHOOL,沙田区,Sha Tin
448,海福中英文幼稚园,HOLFORD ANGLO-CHINESE KINDERGARTEN,沙田区,Sha Tin
449,港九街坊妇女会孙方中幼稚园,HONG KONG & KOWLOON KAIFONG WOMEN'S ASSOCIATION SUN FONG CHUNG KINDERGARTEN,沙田区,Sha Tin
450,港九街坊妇女会孙方中幼稚园（穗禾苑）,HONG KONG & KOWLOON KAIFONG WOMEN'S ASSOCIATION SUN FONG CHUNG KINDERGARTEN (SUI WO COURT),沙田区,Sha Tin
451,港九街坊妇女会丁孙慧珠幼稚园,HONG KONG & KOWLOON KAIFONG WOMEN'S ASSOCIATION TING SUN HUI CHIU KINDERGARTEN,沙田区,Sha Tin
452,香港基督教服务处隽乐幼稚园（沙田）,HONG KONG CHRISTIAN SERVICE PARIO KINDERGARTEN (SHATIN),沙田区,Sha Tin
453,香港保护儿童会赛马会学心幼儿学校,HONG KONG SOCIETY FOR THE PROTECTION OF CHILDREN THE JOCKEY CLUB HOK SAM NURSERY SCHOOL,沙田区,Sha Tin
454,香港基督教女青年会隆亨幼儿学校,HONG KONG YOUNG WOMEN'S CHRISTIAN ASSOCIATION LUNG HANG NURSERY SCHOOL,沙田区,Sha Tin
455,合一堂单家传纪念幼稚园,HOP YAT CHURCH SHIN KA CHUEN MEMORIAL KINDERGARTEN,沙田区,Sha Tin
456,圣母无玷圣心幼稚园,IMMACULATE HEART OF MARY KINDERGARTEN,沙田区,Sha Tin
457,九龙城浸信会禧年幼稚园,KOWLOON CITY BAPTIST CHURCH HAY NIEN KINDERGARTEN,沙田区,Sha Tin
458,广林浸信会吕郭碧凤幼稚园,KWONG LAM BAPTIST LUI KWOK PAT FONG KINDERGARTEN,沙田区,Sha Tin
459,乐善堂李贤义幼稚园,LOK SIN TONG LEE YIN YEE KINDERGARTEN,沙田区,Sha Tin
460,乐善堂梁泳钊幼稚园,LOK SIN TONG STEPHEN LEUNG KINDERGARTEN,沙田区,Sha Tin
461,路德会爱心幼稚园,LOVING HEART LUTHERAN KINDERGARTEN,沙田区,Sha Tin
462,粤南信义会腓力堂爱邻幼儿学园,LUTHERAN PHILIP HOUSE OI LUN NURSERY SCHOOL,沙田区,Sha Tin
463,马鞍山灵粮幼稚园,MA ON SHAN LING LIANG KINDERGARTEN,沙田区,Sha Tin
464,美林邨道光幼稚园,MEI LAM ESTATE TO KWONG KINDERGARTEN,沙田区,Sha Tin
465,新九龙妇女会沙角幼儿园,NEW KOWLOON WOMEN ASSOCIATION SHA KOK NURSERY,沙田区,Sha Tin
466,新九龙妇女会新翠幼儿园,NEW KOWLOON WOMEN ASSOCIATION SUN CHUI NURSERY,沙田区,Sha Tin
467,新界妇孺福利会博康邨幼儿学校,NEW TERRITORIES WOMEN & JUVENILES WELFARE ASSOCIATION LIMITED POK HONG ESTATE NURSERY SCHOOL,沙田区,Sha Tin
468,平安福音堂幼稚园,PEACE EVANGELICAL CENTRE KINDERGARTEN,沙田区,Sha Tin
469,保良局冯梁结纪念幼稚园,PO LEUNG KUK FUNG LEUNG KIT MEMORIAL KINDERGARTEN,沙田区,Sha Tin
470,保良局吴多泰幼稚园,PO LEUNG KUK NG TOR TAI KINDERGARTEN,沙田区,Sha Tin
471,保良局唐楚男（沥源）幼稚园,PO LEUNG KUK TONG CHOR NAM (LEK YUEN) KINDERGARTEN,沙田区,Sha Tin
472,圣公会灵风堂幼稚园,S.K.H. HOLY SPIRIT CHURCH  KINDERGARTEN,沙田区,Sha Tin
473,顺德联谊总会梁李秀娱沙田幼稚园,SHUN TAK FRATERNAL ASSOCIATION LEUNG LEE SAU YU (SHATIN) KINDERGARTEN,沙田区,Sha Tin
474,香港神托会培真幼稚园,STEWARDS POOI CHUN KINDERGARTEN,沙田区,Sha Tin
475,香港浸信会联会利安幼儿园,THE BAPTIST CONVENTION OF HONG KONG LEE ON NURSERY,沙田区,Sha Tin
476,中华基督教会沙田堂博康幼稚园,"THE CHURCH OF CHRIST IN CHINA, SHATIN CHURCH POK HONG KINDERGARTEN",沙田区,Sha Tin
477,救世军中原慈善基金幼稚园,THE SALVATION ARMY CENTALINE CHARITY FUND KINDERGARTEN,沙田区,Sha Tin
478,救世军乙明幼儿学校,THE SALVATION ARMY JAT MIN NURSERY SCHOOL,沙田区,Sha Tin
479,救世军水泉澳幼稚园,THE SALVATION ARMY SHUI CHUEN O KINDERGARTEN,沙田区,Sha Tin
480,救世军田家炳幼稚园,THE SALVATION ARMY TIN KA PING KINDERGARTEN,沙田区,Sha Tin
481,救世军禾輋幼儿学校,THE SALVATION ARMY WO CHE NURSERY SCHOOL,沙田区,Sha Tin
482,真理浸信会荣光幼儿园,TRUTH BAPTIST CHURCH GLORY NURSERY,沙田区,Sha Tin
483,真理浸信会恩典幼稚园,TRUTH BAPTIST CHURCH GRACE KINDERGARTEN,沙田区,Sha Tin
484,真理浸信会幼稚园,TRUTH BAPTIST CHURCH KINDERGARTEN,沙田区,Sha Tin
485,真理浸信会碧涛幼稚园,TRUTH BAPTIST CHURCH PICTORIAL KINDERGARTEN,沙田区,Sha Tin
486,崇真会美善幼稚园（马鞍山）,TSUNG TSIN MISSION GRACEFUL KINDERGARTEN (MA ON SHAN),沙田区,Sha Tin
487,基督教香港崇真会安颂幼稚园,TSUNG TSIN MISSION OF HONG KONG ON CHUNG KINDERGARTEN,沙田区,Sha Tin
488,东华三院马陈景霞幼稚园,TUNG WAH GROUP OF HOSPITALS CHAN KING HAR KINDERGARTEN,沙田区,Sha Tin
489,东华三院廖恩德纪念幼稚园,TUNG WAH GROUP OF HOSPITALS LIU YAN TAK MEMORIAL KINDERGARTEN,沙田区,Sha Tin
490,东华三院吕冯凤纪念幼稚园,TUNG WAH GROUP OF HOSPITALS LUI FUNG FAUNG MEMORIAL KINDERGARTEN,沙田区,Sha Tin
491,东华三院南九龙狮子会幼儿园,TWGHS LIONS CLUB OF SOUTH KOWLOON NURSERY SCHOOL,沙田区,Sha Tin
492,仁爱堂郑丁港夫人幼稚园,YAN OI TONG MRS CHENG TING KONG KINDERGARTEN,沙田区,Sha Tin
493,耀荣中英文幼稚园,YIU WING ANGLO-CHINESE KINDERGARTEN,沙田区,Sha Tin
494,耀荣中英文幼稚园（愉田苑）,YUE TIN COURT YIU WING ANGLO-CHINESE KINDERGARTEN,沙田区,Sha Tin
495,雅丽斯英文幼稚园,AGNES ENGLISH KINDERGARTEN,屯门区,Tuen Mun
496,迦南幼稚园（景峰花园）,CANNAN KINDERGARTEN (PRIME VIEW GARDEN),屯门区,Tuen Mun
497,青松湖景幼稚园,CHING CHUNG WU KING KINDERGARTEN,屯门区,Tuen Mun
498,启思幼稚园（爱琴）,CREATIVE KINDERGARTEN (AEGEAN COAST),屯门区,Tuen Mun
499,启思幼稚园（屯门分校）,CREATIVE KINDERGARTEN (TUEN MUN BRANCH),屯门区,Tuen Mun
500,路德会富泰幼儿园,FU TAI LUTHERAN DAY NURSERY,屯门区,Tuen Mun
501,佳宝幼稚园（屯门分校）,GUIDEPOSTS KINDERGARTEN (TUEN MUN BRANCH),屯门区,Tuen Mun
502,佳宝幼稚园第二分校（建生邨）,GUIDEPOSTS KINDERGARTEN 2ND BRANCH (KIN SANG ESTATE),屯门区,Tuen Mun
503,香港圣公会青山圣彼得堂青云路幼稚园,HKSKH ST PETER'S CHURCH CASTLE PEAK TSING WUN ROAD KINDERGARTEN,屯门区,Tuen Mun
504,中华基督教会屯门堂何福堂幼稚园,"HOH FUK TONG KINDERGARTEN (TUEN MUN CHURCH, THE CHURCH OF CHRIST IN CHINA, HONG KONG COUNCIL)",屯门区,Tuen Mun
505,香港圣公会圣西门良景幼儿学校,HONG KONG SHENG KUNG HUI ST SIMON'S LEUNG KING NURSERY SCHOOL,屯门区,Tuen Mun
506,香港圣公会圣西门大兴幼儿学校,HONG KONG SHENG KUNG HUI ST SIMON'S TAI HING NURSERY SCHOOL,屯门区,Tuen Mun
507,香港保护儿童会蝴蝶邨幼儿学校,HONG KONG SOCIETY FOR THE PROTECTION OF CHILDREN BUTTERFLY ESTATE NURSERY SCHOOL,屯门区,Tuen Mun
508,香港基督教女青年会安定幼儿学校,HONG KONG YOUNG WOMEN'S CHRISTIAN ASSOCIATION ON TING NURSERY SCHOOL,屯门区,Tuen Mun
509,晶晶幼稚园（屯门校）,JING JING KINDERGARTEN (TUEN MUN BRANCH),屯门区,Tuen Mun
510,珈琳幼稚园（屯门分校）,KARLAM KINDERGARTEN (TUEN MUN BRANCH),屯门区,Tuen Mun
511,建生浸信会白普理幼儿园,KIN SANG BAPTIST CHURCH BRADBURY PRE-SCHOOL,屯门区,Tuen Mun
512,路德会建生幼稚园,KIN SANG LUTHERAN KINDERGARTEN,屯门区,Tuen Mun
513,路德会良景幼儿园,LEUNG KING LUTHERAN DAY NURSERY,屯门区,Tuen Mun
514,小牛顿中英文幼稚园,LITTLE NEWTON ANGLO-CHINESE KINDERGARTEN,屯门区,Tuen Mun
515,乐善堂张叶茂清幼稚园,LOK SIN TONG CHEUNG YIP MOU CHING KINDERGARTEN,屯门区,Tuen Mun
516,乐善堂邓德濂幼稚园,LOK SIN TONG TANG TAK LIM KINDERGARTEN,屯门区,Tuen Mun
517,路德会吕祥光幼稚园,LUI CHEUNG KWONG LUTHERAN KINDERGARTEN,屯门区,Tuen Mun
518,世界龙冈学校朱瑞兰（中英文）幼稚园,LUNG KONG WORLD FEDERATION SCHOOL LIMITED CHU SUI LAN ANGLO-CHINESE KINDERGARTEN,屯门区,Tuen Mun
519,美乐中英文幼稚园,MELODY ANGLO-CHINESE KINDERGARTEN,屯门区,Tuen Mun
520,美乐中英文幼稚园（景峰花园分校）,MELODY ANGLO-CHINESE KINDERGARTEN (PRIME VIEW GARDEN BRANCH),屯门区,Tuen Mun
521,美乐幼儿园（美乐花园校）,MELODY NURSERY (MELODY GARDEN),屯门区,Tuen Mun
522,保良局蝴蝶湾幼稚园,PO LEUNG KUK BUTTERFLY BAY KINDERGARTEN,屯门区,Tuen Mun
523,保良局蔡冠深幼稚园,PO LEUNG KUK CHOI KOON SHUM KINDERGARTEN,屯门区,Tuen Mun
524,保良局田家炳兆康幼稚园,PO LEUNG KUK TIN KA PING SIU HONG KINDERGARTEN,屯门区,Tuen Mun
525,保良局友爱幼稚园,PO LEUNG KUK YAU OI KINDERGARTEN,屯门区,Tuen Mun
526,保良局易桂芳幼稚园,PO LEUNG KUK YICK KWAI FONG KINDERGARTEN,屯门区,Tuen Mun
527,天后中英文幼稚园,REGINA COELI ANGLO-CHINESE KINDERGARTEN,屯门区,Tuen Mun
528,天后中英文幼稚园（二校）,REGINA COELI ANGLO-CHINESE KINDERGARTEN (SECOND BRANCH),屯门区,Tuen Mun
529,圣公会青山圣彼得堂兆麟苑幼稚园,S.K.H. ST. PETER'S CHURCH CASTLE PEAK SIU LUN COURT KINDERGARTEN,屯门区,Tuen Mun
530,圣公会青山圣彼得堂幼稚园,S.K.H. ST. PETER'S CHURCH KINDERGARTEN (CASTLE PEAK),屯门区,Tuen Mun
531,圣公会青山圣彼得堂山景邨幼稚园,S.K.H. ST. PETER'S CHURCH SHAN KING ESTATE KINDERGARTEN,屯门区,Tuen Mun
532,山景邨浸信会幼稚园,SHAN KING ESTATE BAPTIST KINDERGARTEN,屯门区,Tuen Mun
533,顺德联谊总会屯门梁李秀娱幼稚园,SHUN TAK FRATERNAL ASSOCIATION TUEN MUN LEUNG LEE SAU YU KINDERGARTEN,屯门区,Tuen Mun
534,东华三院高德根纪念幼稚园,T.W.G.HS. KO TECK KIN MEMORIAL KINDERGARTEN,屯门区,Tuen Mun
535,香港浸信会联会宝田幼稚园,THE BAPTIST CONVENTION OF HONG KONG PO TIN KINDERGARTEN,屯门区,Tuen Mun
536,中华基督教会屯门堂幼稚园,THE CHURCH OF CHRIST IN CHINA TUEN MUN CHURCH KINDERGARTEN,屯门区,Tuen Mun
537,中华基督教会屯门堂幼稚园二校,THE CHURCH OF CHRIST IN CHINA TUEN MUN CHURCH NO. 2 KINDERGARTEN,屯门区,Tuen Mun
538,香海莲社兆禧苑幼稚园,THE LOTUS ASSOCIATION OF HONG KONG SIU HEI COURT KINDERGARTEN,屯门区,Tuen Mun
539,救世军三圣幼儿学校,THE SALVATION ARMY SAM SHING NURSERY SCHOOL,屯门区,Tuen Mun
540,田景邨浸信会吕郭碧凤幼稚园,TIN KING ESTATE BAPTIST LUI KWOK PAT FONG KINDERGARTEN,屯门区,Tuen Mun
541,真理浸信会富泰幼稚园,TRUTH BAPTIST CHURCH EMPOWER KINDERGARTEN,屯门区,Tuen Mun
542,东华三院李黄庆祥纪念幼稚园,TUNG WAH GROUP OF HOSPITALS LEE WONG HING-CHEUNG MEMORIAL KINDERGARTEN,屯门区,Tuen Mun
543,东华三院方谭远良幼儿园,TWGHS  FONG TAM YUEN LEUNG NURSERY SCHOOL,屯门区,Tuen Mun
544,东华三院马陈家欢幼稚园,TWGHS KATHERINE MA KINDERGARTEN,屯门区,Tuen Mun
545,东华三院田家炳幼儿园,TWGHS TIN KA PING NURSERY SCHOOL,屯门区,Tuen Mun
546,世佛会观自在幼儿学校,W.F.B. AVALOKITESVARA NURSERY SCHOOL,屯门区,Tuen Mun
547,世佛会真言宗幼儿学校,W.F.B. MANTRA INSTITUTE NURSERY SCHOOL,屯门区,Tuen Mun
548,仁济医院山景幼稚园,YAN CHAI HOSPITAL SHAN KING KINDERGARTEN,屯门区,Tuen Mun
549,仁济医院友爱幼稚园,YAN CHAI HOSPITAL YAU OI KINDERGARTEN,屯门区,Tuen Mun
550,仁济医院严徐玉珊幼稚园,YAN CHAI HOSPITAL YIM TSUI YUK SHAN KINDERGARTEN,屯门区,Tuen Mun
551,仁爱堂叶德海幼稚园,YAN OI TONG ALLAN YAP KINDERGARTEN,屯门区,Tuen Mun
552,仁爱堂刘皇发幼稚园,YAN OI TONG LAU WONG FAT KINDERGARTEN,屯门区,Tuen Mun
553,仁爱堂颜宝铃幼稚园,YAN OI TONG NGAN PO LING KINDERGARTEN,屯门区,Tuen Mun
554,仁爱堂田家炳幼稚园,YAN OI TONG TIN KA PING KINDERGARTEN,屯门区,Tuen Mun
555,基督教宣道会太和幼稚园,CHRISTIAN & MISSIONARY ALLIANCE CHURCH TAI WO KINDERGARTEN,大埔区,Tai Po
556,基督教宣道会宝湖幼儿学校,CHRISTIAN & MISSIONARY ALLIANCE PLOVER COVE NURSERY SCHOOL,大埔区,Tai Po
557,中国基督教播道会宝雅幼儿学校,EVANGELICAL FREE CHURCH OF CHINA - PO NGA NURSERY SCHOOL,大埔区,Tai Po
558,富亨浸信会吕郭碧凤幼稚园,FU HENG BAPTIST LUI KWOK PAT FONG KINDERGARTEN,大埔区,Tai Po
559,香港保护儿童会林护幼儿学校,HONG KONG SOCIETY FOR THE PROTECTION OF CHILDREN LAM WOO NURSERY SCHOOL,大埔区,Tai Po
560,香港道教联合会圆玄幼稚园（富善邨）,HONG KONG TAOIST ASSOCIATION YUEN YUEN KINDERGARTEN (FU SHIN ESTATE),大埔区,Tai Po
561,李荣基纪念中英文幼稚园,LEE ANDREW MEMORIAL ANGLO-CHINESE KINDERGARTEN,大埔区,Tai Po
562,明雅中英文幼稚园,MINK ANGLO-CHINESE KINDERGARTEN,大埔区,Tai Po
563,竹园区神召会太和康乐幼儿学校,PENTECOSTAL CHURCH OF HONG KONG TAI WO NURSERY SCHOOL,大埔区,Tai Po
564,保良局刘进幼稚园,PO LEUNG KUK LAU CHUN KINDERGARTEN,大埔区,Tai Po
565,保良局邓碧云纪念幼稚园,PO LEUNG KUK TANG BIK WAN MEMORIAL KINDERGARTEN,大埔区,Tai Po
566,圣公会救主堂幼稚园,SHENG KUNG HUI THE CHURCH OF OUR SAVIOUR KINDERGARTEN,大埔区,Tai Po
567,大埔浸信会幼稚园,TAI PO BAPTIST KINDERGARTEN,大埔区,Tai Po
568,大埔浸信会幼稚园运头塘邨分校,TAI PO BAPTIST KINDERGARTEN WAN TAU TONG ESTATE BRANCH,大埔区,Tai Po
569,天主教大埔幼稚园,TAI PO CATHOLIC KINDERGARTEN,大埔区,Tai Po
570,大埔商会幼稚园,TAI PO MERCHANTS ASSOCIATION KINDERGARTEN,大埔区,Tai Po
571,大埔循道卫理幼稚园,TAI PO METHODIST KINDERGARTEN,大埔区,Tai Po
572,大埔礼贤会幼稚园（安富道校址）,TAI PO RHENISH CHURCH KINDERGARTEN (LOCATION: ON FU ROAD),大埔区,Tai Po
573,大埔礼贤会幼稚园（汀角路校址）,TAI PO RHENISH CHURCH KINDERGARTEN (LOCATION: TINGKOK ROAD),大埔区,Tai Po
574,救世军大元幼儿学校,THE SALVATION ARMY TAI YUEN NURSERY SCHOOL,大埔区,Tai Po
575,基督教香港崇真会安仁幼儿学校,TSUNG TSIN MISSION OF HONG KONG ON YAN NURSERY SCHOOL,大埔区,Tai Po
576,东华三院洪王家琪幼稚园,TUNG WAH GROUP OF HOSPITALS HUNG WONG KAR GEE KINDERGARTEN,大埔区,Tai Po
577,东华三院方丽明幼儿园,TWGHS FONG LAI MING NURSERY SCHOOL,大埔区,Tai Po
578,仁爱堂张慕良夫人幼稚园,YAN OI TONG MRS AUGUSTA CHEUNG KINDERGARTEN,大埔区,Tai Po
579,６１１生命树幼稚园,611 TREE OF LIFE KINDERGARTEN,荃湾区,Tsuen Wan
580,蓝如溪盛成皿教育基金边耀良幼稚园,ALICE LAN & VERA SHEN EDUCATION FUND GORDON PEI KINDERGARTEN,荃湾区,Tsuen Wan
581,天主教领报幼稚园,ANNUNCIATION CATHOLIC KINDERGARTEN,荃湾区,Tsuen Wan
582,神召会麦嘉伦纪念幼稚园,ASSEMBLY OF GOD MCLEOD MEMORIAL KINDERGARTEN,荃湾区,Tsuen Wan
583,迦南幼稚园（海滨花园）,CANNAN KINDERGARTEN (RIVIERA GARDEN),荃湾区,Tsuen Wan
584,迦南幼稚园（荃湾）,CANNAN KINDERGARTEN (TSUEN WAN),荃湾区,Tsuen Wan
585,世德幼稚园（梨木树）,CASTAR KINDERGARTEN (LEI MUK SHUE),荃湾区,Tsuen Wan
586,基督教安得儿幼稚园,CHRISTIAN ADRIANNE KINDERGARTEN,荃湾区,Tsuen Wan
587,基督教安得儿幼稚园（湾景）,CHRISTIAN ADRIANNE KINDERGARTEN (BAYVIEW),荃湾区,Tsuen Wan
588,全完堂幼稚园,CHUEN YUEN CHURCH KINDERGARTEN,荃湾区,Tsuen Wan
589,启思幼稚园（马湾）,CREATIVE KINDERGARTEN (MA WAN),荃湾区,Tsuen Wan
590,福来邨锦全幼稚园,FUK LOY CHUEN KAM CHUEN KINDERGARTEN,荃湾区,Tsuen Wan
591,香港灵粮堂荃湾幼稚园,HONG KONG LING LIANG CHURCH TSUEN WAN KINDERGARTEN,荃湾区,Tsuen Wan
592,香港保护儿童会深井幼儿学校,HONG KONG SOCIETY FOR THE PROTECTION OF CHILDREN SHAM TSENG NURSERY SCHOOL,荃湾区,Tsuen Wan
593,香港道教联合会圆玄幼稚园,HONG KONG TAOIST ASSOCIATION YUEN YUEN KINDERGARTEN,荃湾区,Tsuen Wan
594,香港基督教女青年会荃湾幼儿学校,HONG KONG YOUNG WOMEN'S CHRISTIAN ASSOCIATION TSUEN WAN NURSERY SCHOOL,荃湾区,Tsuen Wan
595,萌儿幼稚园,MOE KINDERGARTEN,荃湾区,Tsuen Wan
596,满乐幼稚园,MOON LOK KINDERGARTEN,荃湾区,Tsuen Wan
597,栢基海韵幼稚园,PARKVIEW RHINE GARDEN PRE-SCHOOL,荃湾区,Tsuen Wan
598,保良局志沛幼稚园,PO LEUNG KUK CHI PUI KINDERGARTEN,荃湾区,Tsuen Wan
599,保良局方谭远良幼稚园,PO LEUNG KUK FONG TAM YUEN LEUNG KINDERGARTEN,荃湾区,Tsuen Wan
600,圣文嘉幼稚园（荃湾）,ST MONICA'S KINDERGARTEN (TSUEN WAN),荃湾区,Tsuen Wan
601,圣安多尼中英文幼稚园（丽城花园）,ST. ANTHONY'S KINDERGARTEN (BELVEDERE GARDEN),荃湾区,Tsuen Wan
602,圣文嘉中英文幼稚园（荃湾）,ST. MONICA'S ANGLO-CHINESE KINDERGARTEN (TSUEN WAN),荃湾区,Tsuen Wan
603,中华基督教会福幼幼稚园,THE CHURCH OF CHRIST IN CHINA FUK YAU KINDERGARTEN,荃湾区,Tsuen Wan
604,中华基督教会福幼第二幼稚园,THE CHURCH OF CHRIST IN CHINA FUK YAU NO. II KINDERGARTEN,荃湾区,Tsuen Wan
605,救世军梨木树幼儿学校,THE SALVATION ARMY LEI MUK SHUE NURSERY SCHOOL,荃湾区,Tsuen Wan
606,救世军吴国伟纪念幼稚园,THE SALVATION ARMY NG KWOK WAI MEMORIAL KINDERGARTEN,荃湾区,Tsuen Wan
607,救世军荃湾幼儿学校,THE SALVATION ARMY TSUEN WAN NURSERY SCHOOL,荃湾区,Tsuen Wan
608,荃湾浸信会幼稚园,TSUEN WAN BAPTIST CHURCH KINDERGARTEN,荃湾区,Tsuen Wan
609,荃湾圣母幼稚园,TSUEN WAN OUR LADY KINDERGARTEN,荃湾区,Tsuen Wan
610,荃湾圣多明尼幼稚园,TSUEN WAN ST. DOMINIC SAVIO KINDERGARTEN,荃湾区,Tsuen Wan
611,仁济医院蔡百泰幼稚园,YAN CHAI HOSPITAL CHOI PAT TAI KINDERGARTEN,荃湾区,Tsuen Wan
612,香港基督教服务处时代幼儿学校,HONG KONG CHRISTIAN SERVICE TIMES NURSERY SCHOOL,湾仔区,Wan Chai
613,香港灵粮堂幼稚园,HONG KONG LING LIANG CHURCH KINDERGARTEN,湾仔区,Wan Chai
614,卡莎迪曼幼稚园,KHALSA DIWAN KINDERGARTEN,湾仔区,Wan Chai
615,穆斯林幼稚园,MUSLIM COMMUNITY KINDERGARTEN,湾仔区,Wan Chai
616,爱群道浸信会吕郭碧凤幼稚园,OI KWAN ROAD BAPTIST CHURCH LUI KWOK PAT FONG KINDERGARTEN,湾仔区,Wan Chai
617,保良局朱李月华幼稚园,PO LEUNG KUK CHU LEE YUET WAH KINDERGARTEN,湾仔区,Wan Chai
618,保良局庄启程幼稚园,PO LEUNG KUK VICWOOD CHONG KEE TING KINDERGARTEN,湾仔区,Wan Chai
619,宝血幼稚园,PRECIOUS BLOOD KINDERGARTEN,湾仔区,Wan Chai
620,圣公会圣基道幼儿园（湾仔）,S K H ST CHRISTOPHER'S NURSERY (WAN CHAI),湾仔区,Wan Chai
621,圣雅各福群会铜锣湾幼稚园,ST JAMES' SETTLEMENT CAUSEWAY BAY  KINDERGARTEN,湾仔区,Wan Chai
622,圣雅各福群会麦洁莲幼稚园,ST JAMES' SETTLEMENT KATHLEEN MCDOUALL KINDERGARTEN,湾仔区,Wan Chai
623,天主教圣玛加利大幼稚园,ST. MARGARET MARY'S CATHOLIC KINDERGARTEN,湾仔区,Wan Chai
624,香港小童群益会乐致幼稚园（湾仔）,THE BOYS' AND GIRLS' CLUBS ASSOCIATION OF HONG KONG CHEERLAND KINDERGARTEN (WANCHAI),湾仔区,Wan Chai
625,中华基督教会湾仔堂幼稚园,THE CHURCH OF CHRIST IN CHINA WANCHAI CHURCH KINDERGARTEN,湾仔区,Wan Chai
626,东华三院李贤义伉俪幼儿园 (旧校名称: 东华三院湾仔幼稚园),TUNG WAH GROUP OF HOSPITALS MR. & MRS. LEE YIN YEE NURSERY SCHOOL (Name in the past: TUNG WAH GROUP OF HOSPITALS WAN CHAI KINDERGARTEN),湾仔区,Wan Chai
627,第一幼稚园,A-ONE KINDERGARTEN,黄大仙区,Wong Tai Sin
628,佛教傅康幼稚园,BUDDHIST FOO HONG KINDERGARTEN,黄大仙区,Wong Tai Sin
629,明爱启幼幼儿学校,CARITAS KAI YAU NURSERY SCHOOL,黄大仙区,Wong Tai Sin
630,基督教宣道会富山幼儿学校,CHRISTIAN & MISSIONARY ALLIANCE FU SHAN NURSERY SCHOOL,黄大仙区,Wong Tai Sin
631,基督教布道中心乐富幼稚园,CHRISTIAN EVANGELICAL CENTRE LOK FU KINDERGARTEN,黄大仙区,Wong Tai Sin
632,钻石山灵粮幼稚园,DIAMOND HILL LING LIANG KINDERGARTEN,黄大仙区,Wong Tai Sin
633,基督教中国布道会恩恩创意幼稚园,EVANGELIZE CHINA FELLOWSHIP BLESSINGS CREATIVITY KINDERGARTEN,黄大仙区,Wong Tai Sin
634,五邑工商总会张祝珊幼稚园,FIVE DISTRICTS BUSINESS WELFARE ASSOCIATION CHEUNG CHUK SHAN KINDERGARTEN,黄大仙区,Wong Tai Sin
635,五邑工商总会幼稚园,FIVE DISTRICTS BUSINESS WELFARE ASSOCIATION KINDERGARTEN,黄大仙区,Wong Tai Sin
636,循道卫理联合教会主恩堂幼稚园,GRACE METHODIST CHURCH KINDERGARTEN,黄大仙区,Wong Tai Sin
637,基督教恩苗东九龙幼稚园,GRACEFIELD EAST KOWLOON CHRISTIAN KINDERGARTEN,黄大仙区,Wong Tai Sin
638,啬色园主办可立幼稚园,HO LAP KINDERGARTEN (SPONSORED BY SIK SIK YUEN),黄大仙区,Wong Tai Sin
639,啬色园主办可德幼稚园,HO TAK KINDERGARTEN (SPONSORED BY SIK SIK YUEN),黄大仙区,Wong Tai Sin
640,港澳信义会锡安纪念幼稚园,HONG KONG AND MACAU LUTHERAN CHURCH SHEK ON MEMORIAL KINDERGARTEN,黄大仙区,Wong Tai Sin
641,香港伯特利教会基甸幼稚园,HONG KONG BETHEL CHURCH GIDEON KINDERGARTEN,黄大仙区,Wong Tai Sin
642,香港幼稚园协会幼儿学校,HONG KONG KINDERGARTEN ASSOCIATION PRE-SCHOOL,黄大仙区,Wong Tai Sin
643,香港道教联合会圆玄幼稚园（东头邨）,HONG KONG TAOIST ASSOCIATION YUEN YUEN KINDERGARTEN (TUNG TAU ESTATE),黄大仙区,Wong Tai Sin
644,香港基督教女青年会彩云幼儿学校,HONG KONG YOUNG WOMEN'S CHRISTIAN ASSOCIATION CHOI WAN NURSERY SCHOOL,黄大仙区,Wong Tai Sin
645,香港基督教女青年会信望幼儿学校,HONG KONG YOUNG WOMEN'S CHRISTIAN ASSOCIATION FAITH HOPE NURSERY SCHOOL,黄大仙区,Wong Tai Sin
646,永乐创新英文幼稚园,JONATHAN INNOVATIVE ENGLISH KINDERGARTEN,黄大仙区,Wong Tai Sin
647,天主教甘霖幼稚园,KAM LAM CATHOLIC KINDERGARTEN,黄大仙区,Wong Tai Sin
648,九龙城浸信会慈爱幼稚园,KOWLOON CITY BAPTIST CHURCH TSZ OI KINDERGARTEN,黄大仙区,Wong Tai Sin
649,乐富礼贤会幼稚园,LOK FU RHENISH CHURCH KINDERGARTEN,黄大仙区,Wong Tai Sin
650,礼贤会乐富幼儿园,LOK FU RHENISH NURSERY,黄大仙区,Wong Tai Sin
651,乐善堂顾李觉鲜幼稚园,LOK SIN TONG KU LEE KWOK SIN KINDERGARTEN,黄大仙区,Wong Tai Sin
652,新九龙妇女会慈云山幼儿园,NEW KOWLOON WOMEN ASSOCIATION TSZ WAN SHAN NURSERY,黄大仙区,Wong Tai Sin
653,圣母幼稚园,OUR LADY'S KINDERGARTEN,黄大仙区,Wong Tai Sin
654,保良局方谭远良（慈云山）幼稚园,PO LEUNG KUK FONG TAM YUEN LEUNG (TSZ WAN SHAN) KINDERGARTEN,黄大仙区,Wong Tai Sin
655,保良局金卿幼稚园,PO LEUNG KUK KAM HING KINDERGARTEN,黄大仙区,Wong Tai Sin
656,保良局谢黄沛涓幼稚园,PO LEUNG KUK TSE WONG PUI KUEN KINDERGARTEN,黄大仙区,Wong Tai Sin
657,保良局王少清幼稚园,PO LEUNG KUK WONG SIU CHING KINDERGARTEN,黄大仙区,Wong Tai Sin
658,路德会救恩幼稚园,REDEMPTION LUTHERAN KINDERGARTEN,黄大仙区,Wong Tai Sin
659,圣公会慈光堂柯佩璋幼稚园,S.K.H. KINDLY LIGHT CHURCH OR PUI CHEUNG KINDERGARTEN,黄大仙区,Wong Tai Sin
660,礼贤会新蒲岗幼儿园,SAN PO KONG RHENISH NURSERY,黄大仙区,Wong Tai Sin
661,路德会沙仑堂幼稚园（慈爱分校）,SHARON LUTHERAN CHURCH KINDERGARTEN (TSZ OI BRANCH),黄大仙区,Wong Tai Sin
662,信生中英文幼稚园,SHUN SANG ANGLO-CHINESE KINDERGARTEN,黄大仙区,Wong Tai Sin
663,圣母洁心会黄大仙幼稚园,SISTERS OF THE IMMACULATE HEART OF MARY WONG TAI SIN KINDERGARTEN,黄大仙区,Wong Tai Sin
664,香港小童群益会乐致幼稚园（黄大仙）,THE BOYS' AND GIRLS' CLUBS ASSOCIATION OF HONG KONG CHEERLAND KINDERGARTEN (WONG TAI SIN),黄大仙区,Wong Tai Sin
665,基督教香港崇真会安强幼儿学校,TSUNG TSIN MISSION OF HONG KONG ON KEUNG NURSERY SCHOOL,黄大仙区,Wong Tai Sin
666,慈正邨菩提幼稚园,TSZ CHING ESTATE BODHI SIKSA KINDERGARTEN,黄大仙区,Wong Tai Sin
667,东华三院黎邓润球幼稚园,TUNG WAH GROUP OF HOSPITALS LAI TANG YUEN-KAW KINDERGARTEN,黄大仙区,Wong Tai Sin
668,东华三院方肇彝幼儿园,TWGHS FONG SHIU YEE NURSERY SCHOOL,黄大仙区,Wong Tai Sin
669,东华三院群芳幼儿园,TWGHS KWAN FONG NURSERY SCHOOL,黄大仙区,Wong Tai Sin
670,遵道幼稚园（南边围地段102号校址）,ABIDING KINDERGARTEN (LOCATION: LOT NO. 102),元朗区,Yuen Long
671,遵道幼稚园（南边围地段239号校址）,ABIDING KINDERGARTEN (LOCATION: LOT NO. 239),元朗区,Yuen Long
672,翰林幼稚园（天水围）,ACADEMY KINDERGARTEN (TIN SHUI WAI),元朗区,Yuen Long
673,雅丽斯俊宏轩幼稚园,AGNES KINDERGARTEN (GRANDEUR TERRACE),元朗区,Yuen Long
674,雅丽斯乐思幼稚园,AGNES WISE KINDERGARTEN,元朗区,Yuen Long
675,浸信会华恩幼稚园,BAPTIST CHURCH SHINING GRACE KINDERGARTEN,元朗区,Yuen Long
676,佛教慈光幼稚园,BUDDHIST CHI KWONG KINDERGARTEN,元朗区,Yuen Long
677,世德幼稚园,CASTAR KINDERGARTEN,元朗区,Yuen Long
678,幼联主办安泰幼儿学校,CECES ORGANIZED AETNA PRESCHOOL,元朗区,Yuen Long
679,中华基督教青年会幼稚园,CHINESE Y.M.C.A. KINDERGARTEN,元朗区,Yuen Long
680,基督教宣道会锦绣幼稚园,CHRISTIAN & MISSIONARY ALLIANCE FAIRVIEW PARK KINDERGARTEN,元朗区,Yuen Long
681,基督教宣道会天颂幼儿学校,CHRISTIAN & MISSIONARY ALLIANCE TIN CHUNG NURSERY SCHOOL,元朗区,Yuen Long
682,宣道会陈李咏贞纪念幼稚园,CHRISTIAN ALLIANCE CHEN LEE WING TSING MEMORIAL KINDERGARTEN,元朗区,Yuen Long
683,香港中文大学校友会联会陈震夏幼稚园,CUHK FAA CHAN CHUN HA KINDERGARTEN,元朗区,Yuen Long
684,香港中文大学校友会联会顺龙仁泽幼稚园,CUHK FAA SHUN LUNG YAN CHAK KINDERGARTEN,元朗区,Yuen Long
685,英扬乐儿中英文幼稚园,ELITE KIDS ANGLO-CHINESE KINDERGARTEN,元朗区,Yuen Long
686,中国基督教播道会天恩幼儿学校,EVANGELICAL FREE CHURCH OF CHINA - TIN YAN NURSERY SCHOOL,元朗区,Yuen Long
687,神召会礼拜堂天泽幼儿园,FIRST ASSEMBLY OF GOD CHURCH TIN CHAK NURSERY,元朗区,Yuen Long
688,激活幼稚园,GIGAMIND KINDERGARTEN,元朗区,Yuen Long
689,佳宝幼稚园第三分校（天瑞邨）,GUIDEPOSTS KINDERGARTEN 3RD BRANCH (TIN SHUI ESTATE),元朗区,Yuen Long
690,香海正觉莲社佛教林黄明慧幼稚园,HHCKLA BUDDHIST LAM WONG MING WAI KINDERGARTEN,元朗区,Yuen Long
691,啬色园主办可瑞幼稚园,HO SHUI KINDERGARTEN SPONSORED BY SIK SIK YUEN,元朗区,Yuen Long
692,香港基督教服务处天恒幼儿学校,HONG KONG CHRISTIAN SERVICE TIN HENG NURSERY SCHOOL,元朗区,Yuen Long
693,香港圣公会夏瑞芸幼儿学校,HONG KONG SHENG KUNG HUI HA SUI WAN NURSERY SCHOOL,元朗区,Yuen Long
694,殷翠幼稚园,JADE KINDERGARTEN,元朗区,Yuen Long
695,晶晶中英文幼稚园（洪水桥分校）,JING JING ANGLO-CHINESE KINDERGARTEN (HUNG SHUI KIU BRANCH),元朗区,Yuen Long
696,珈琳中英文幼稚园,KARLAM ANGLO-CHINESE KINDERGARTEN,元朗区,Yuen Long
697,朗屏邨圣恩幼稚园,LONG PING ESTATE SING YAN KINDERGARTEN,元朗区,Yuen Long
698,新界神召会怀恩幼稚园,N.T. ASSEMBLIES OF GOD CHURCH WAI YAN KINDERGARTEN,元朗区,Yuen Long
699,新界妇孺福利会元朗幼儿学校,NEW TERRITORIES WOMEN & JUVENILES WELFARE ASSOCIATION LIMITED YUEN LONG NURSERY SCHOOL,元朗区,Yuen Long
700,平安福音堂幼稚园（天水围）,PEACE EVANGELICAL CENTRE KINDERGARTEN (TIN SHUI WAI),元朗区,Yuen Long
701,保良局曾星如幼稚园,PO LEUNG KUK CHAN SENG YEE KINDERGARTEN,元朗区,Yuen Long
702,保良局郭罗桂珍幼稚园,PO LEUNG KUK ELEANOR KWOK LAW KWAI CHUN KINDERGARTEN,元朗区,Yuen Long
703,保良局廖笑霞幼稚园,PO LEUNG KUK LIU SEW HAR KINDERGARTEN,元朗区,Yuen Long
704,博爱医院陈潘佩清纪念幼稚园,POK OI HOSPITAL CHAN POON PUI CHING MEMORIAL KINDERGARTEN,元朗区,Yuen Long
705,博爱医院朱国京夫人纪念幼稚园,POK OI HOSPITAL MRS CHU KWOK KING MEMORIAL KINDERGARTEN,元朗区,Yuen Long
706,天纯幼稚园,PRISTINE KINDERGARTEN,元朗区,Yuen Long
707,丽晶幼稚园分校,REGENT'S KINDERGARTEN (BRANCH SCHOOL),元朗区,Yuen Long
708,圣公会圣约瑟堂幼稚园,S.K.H. ST. JOSEPH'S CHURCH KINDERGARTEN,元朗区,Yuen Long
709,-,SAGARMATHA KINDERGARTEN,元朗区,Yuen Long
710,圣公会圣马提亚堂幼儿学校,ST MATTHIAS' CHURCH NURSERY SCHOOL,元朗区,Yuen Long
711,天主教圣叶理诺幼稚园,ST. JEROME'S CATHOLIC KINDERGARTEN,元朗区,Yuen Long
712,圣马提亚堂肖珍幼稚园,ST. MATTHIAS' CHURCH CHIU CHUN KINDERGARTEN,元朗区,Yuen Long
713,太阳岛英文幼稚园（元朗分校）,SUN ISLAND ENGLISH KINDERGARTEN (YUEN LONG BRANCH),元朗区,Yuen Long
714,大埔浸信会幼稚园天泽邨分校,TAI PO BAPTIST KINDERGARTEN TIN CHAK ESTATE BRANCH,元朗区,Yuen Long
715,天乐幼稚园,TALENT KINDERGARTEN,元朗区,Yuen Long
716,基督教圣约教会小天使（天盛）幼稚园,THE MISSION COVENANT CHURCH LITTLE ANGEL (TIN SHING) KINDERGARTEN,元朗区,Yuen Long
717,邻舍辅导会元朗幼儿园,THE NEIGHBOURHOOD ADVICE-ACTION COUNCIL YUEN LONG DAY NURSERY,元朗区,Yuen Long
718,救世军锦田幼儿学校,THE SALVATION ARMY KAM TIN NURSERY SCHOOL,元朗区,Yuen Long
719,天水围宣道幼稚园,TIN SHUI WAI ALLIANCE KINDERGARTEN,元朗区,Yuen Long
720,青衣商会天水围幼稚园,TSING YI TRADE ASSOCIATION TIN SHUI WAI KINDERGARTEN,元朗区,Yuen Long
721,东华三院黄朱惠芬幼稚园,TUNG WAH GROUP OF HOSPITALS WONG CHU WAI FUN KINDERGARTEN,元朗区,Yuen Long
722,东华三院九龙崇德社幼儿园,TWGHS  ZONTA CLUB OF KOWLOON NURSERY SCHOOL,元朗区,Yuen Long
723,仁济医院明德幼稚园,YAN CHAI HOSPITAL MING TAK KINDERGARTEN,元朗区,Yuen Long
724,仁济医院林李婉冰幼稚园,YAN CHAI HOSPITAL NINA LAM KINDERGARTEN,元朗区,Yuen Long
725,仁爱堂吴黄凤英幼稚园,YAN OI TONG NG WONG FUNG YING KINDERGARTEN,元朗区,Yuen Long
726,元冈幼稚园,YUEN KONG KINDERGARTEN,元朗区,Yuen Long
727,中华基督教会元朗堂真光幼稚园二校,YUEN LONG CHURCH (CCC) CHAN KWONG NO. 2 KINDERGARTEN,元朗区,Yuen Long
728,中华基督教会元朗堂真光幼稚园,YUEN LONG CHURCH (CHURCH OF CHRIST IN CHINA) CHAN KWONG KINDERGARTEN,元朗区,Yuen Long
729,中华基督教会元朗堂周宋主爱幼儿园,YUEN LONG CHURCH (CHURCH OF CHRIST IN CHINA) CHOW SUNG CHU OI NURSERY SCHOOL,元朗区,Yuen Long
730,中华基督教会元朗堂朗屏邨真光幼稚园,YUEN LONG CHURCH (CHURCH OF CHRIST IN CHINA) LONG PING ESTATE CHAN KWONG KINDERGARTEN,元朗区,Yuen Long
731,元朗信义会生命幼稚园,YUEN LONG LUTHERAN LIFE KINDERGARTEN,元朗区,Yuen Long
732,元朗商会幼稚园,YUEN LONG MERCHANTS ASSOCIATION KINDERGARTEN,元朗区,Yuen Long
733,元朗公立中学校友会刘良骧纪念幼稚园,YUEN LONG PUBLIC MIDDLE SCHOOL ALUMNI ASSOCIATION LAU LEUNG SHEUNG MEMORIAL KINDERGARTEN,元朗区,Yuen Long
734,礼贤会元朗幼儿园,YUEN LONG RHENISH NURSERY,元朗区,Yuen Long
735,元朗三育幼稚园,YUEN LONG SAM YUK KINDERGARTEN,元朗区,Yuen Long
736,元朗东莞同乡会熊定嘉幼稚园,YUEN LONG TUNG KOON DISTRICT ASSOCIATION HUNG TING KA KINDERGARTEN,元朗区,Yuen Long
737,元朗东莞同乡会王少强夫人幼稚园,YUEN LONG TUNG KOON DISTRICT ASSOCIATION MRS WONG SIU KEUNG KINDERGARTEN,元朗区,Yuen Long
738,圆玄幼稚园（天逸邨）,YUEN YUEN KINDERGARTEN (TIN YAT ESTATE),元朗区,Yuen Long
739,中华基督教会望觉堂贤贞幼稚园,C C C MONGKOK CHURCH JEANNETTE KINDERGARTEN,油尖旺区,Yau Tsim Mong
740,迦南幼稚园（富荣花园）,CANNAN KINDERGARTEN (CHARMING GARDEN),油尖旺区,Yau Tsim Mong
741,启文幼稚园,CLEMENT KINDERGARTEN,油尖旺区,Yau Tsim Mong
742,明我幼稚园（奥运校）,DOMINIC SAVIO KINDERGARTEN (OLYMPIC BRANCH),油尖旺区,Yau Tsim Mong
743,协康会康苗幼儿园,HEEP HONG SOCIETY HEALTHY KIDS NURSERY SCHOOL,油尖旺区,Yau Tsim Mong
744,香港基督教服务处隽汇幼儿学校,HONG KONG CHRISTIAN SERVICE CENTRAL NURSERY SCHOOL,油尖旺区,Yau Tsim Mong
745,香港保护儿童会中银幼儿学校,HONG KONG SOCIETY FOR THE PROTECTION OF CHILDREN BOC NURSERY SCHOOL,油尖旺区,Yau Tsim Mong
746,香港保护儿童会汇丰银行慈善基金幼儿学校,HONG KONG SOCIETY FOR THE PROTECTION OF CHILDREN HONG KONG BANK FOUNDATION NURSERY SCHOOL,油尖旺区,Yau Tsim Mong
747,香港保护儿童会百佳员工慈善基金幼儿学校,HONG KONG SOCIETY FOR THE PROTECTION OF CHILDREN PARK'N SHOP STAFF CHARITABLE FUND NURSERY SCHOOL,油尖旺区,Yau Tsim Mong
748,香港保护儿童会砵兰街幼儿学校,HONG KONG SOCIETY FOR THE PROTECTION OF CHILDREN PORTLAND STREET NURSERY SCHOOL,油尖旺区,Yau Tsim Mong
749,-,LITTLE BUDS KINDERGARTEN,油尖旺区,Yau Tsim Mong
750,旺角雅丽斯英文幼稚园,MONG KOK AGNES ENGLISH KINDERGARTEN,油尖旺区,Yau Tsim Mong
751,保良局吕锦泰幼稚园,PO LEUNG KUK LUI KAM TAI KINDERGARTEN,油尖旺区,Yau Tsim Mong
752,骏发花园浸信会幼儿学校,PROSPEROUS GARDEN BAPTIST NURSERY SCHOOL,油尖旺区,Yau Tsim Mong
753,深培中英文幼稚园,SEMPLE KINDERGARTEN,油尖旺区,Yau Tsim Mong
754,太阳岛幼稚园（港湾豪庭分校）,SUN ISLAND KINDERGARTEN (METRO HARBOUR BRANCH),油尖旺区,Yau Tsim Mong
755,大同新邨圣德肋撒幼稚园,TAI TUNG SUN CHUEN ST TERESA KINDERGARTEN,油尖旺区,Yau Tsim Mong
756,德信幼稚园,TAK SUN KINDERGARTEN (Name in the past: TAK SUN PRIVATE KINDERGARTEN),油尖旺区,Yau Tsim Mong
757,香港青年协会青乐幼稚园（油麻地）,THE HONG KONG FEDERATION OF YOUTH GROUPS CHING LOK KINDERGARTEN (YAUMATEI),油尖旺区,Yau Tsim Mong
758,救世军卜凯赛琳幼儿学校,THE SALVATION ARMY CATHERINE BOOTH NURSERY SCHOOL,油尖旺区,Yau Tsim Mong
759,救世军陈昆栋幼稚园,THE SALVATION ARMY CHAN KWAN TUNG KINDERGARTEN,油尖旺区,Yau Tsim Mong
760,救世军海富幼儿学校,THE SALVATION ARMY HOI FU NURSERY SCHOOL,油尖旺区,Yau Tsim Mong
761,救世军荔枝角幼儿学校,THE SALVATION ARMY LAI CHI KOK NURSERY SCHOOL,油尖旺区,Yau Tsim Mong
762,仁爱堂陈郑玉而幼稚园,YAN OI TONG CHAN CHENG YUK YEE KINDERGARTEN,油尖旺区,Yau Tsim Mong
763,油麻地循道卫理杨震幼儿学校,YAUMATEI YANG MEMORIAL METHODIST PRE-SCHOOL,油尖旺区,Yau Tsim Mong
