Fiscal Year,County,Region,Children Receiving Adoption Subsidy,Federally Funded (Title IV-E),State Paid
2023,Anderson,4-Tyler,140,128,12
2023,Andrews,9-Midland,42,40,2
2023,Angelina,5-Beaumont,241,232,9
2023,Aransas,11-Edinburg,140,139,1
2023,Archer,2-Abilene,5,5,0
2023,Armstrong,1-Lubbock,3,3,0
2023,Atascosa,8-San Antonio,379,347,32
2023,Austin,6-Houston,24,24,0
2023,Bailey,1-Lubbock,19,19,0
2023,Bandera,8-San Antonio,98,92,6
2023,Bastrop,7-Austin,306,256,50
2023,Baylor,2-Abilene,1,1,0
2023,Bee,11-Edinburg,92,88,4
2023,Bell,7-Austin,1246,1110,136
2023,Bexar,8-San Antonio,9768,8863,905
2023,Blanco,7-Austin,30,27,3
2023,Bosque,7-Austin,70,65,5
2023,Bowie,4-Tyler,134,121,13
2023,Brazoria,6-Houston,265,253,12
2023,Brazos,7-Austin,333,306,27
2023,Brewster,10-El Paso,10,10,0
2023,Briscoe,1-Lubbock,4,4,0
2023,Brooks,11-Edinburg,17,17,0
2023,Brown,2-Abilene,271,260,11
2023,Burleson,7-Austin,51,45,6
2023,Burnet,7-Austin,226,198,28
2023,Caldwell,7-Austin,205,195,10
2023,Calhoun,8-San Antonio,24,23,1
2023,Callahan,2-Abilene,36,36,0
2023,Cameron,11-Edinburg,289,281,8
2023,Camp,4-Tyler,45,38,7
2023,Carson,1-Lubbock,20,20,0
2023,Cass,4-Tyler,62,58,4
2023,Castro,1-Lubbock,23,21,2
2023,Chambers,6-Houston,37,33,4
2023,Cherokee,4-Tyler,206,192,14
2023,Childress,1-Lubbock,24,21,3
2023,Clay,2-Abilene,11,10,1
2023,Cochran,1-Lubbock,3,2,1
2023,Coke,9-Midland,10,10,0
2023,Coleman,2-Abilene,28,28,0
2023,Collin,3-Arlington,679,629,50
2023,Collingsworth,1-Lubbock,16,16,0
2023,Colorado,6-Houston,49,48,1
2023,Comal,8-San Antonio,416,373,43
2023,Comanche,2-Abilene,35,35,0
2023,Concho,9-Midland,2,2,0
2023,Cooke,3-Arlington,135,127,8
2023,Coryell,7-Austin,211,195,16
2023,Crane,9-Midland,5,5,0
2023,Crockett,9-Midland,11,11,0
2023,Crosby,1-Lubbock,25,25,0
2023,Culberson,10-El Paso,5,5,0
2023,Dallam,1-Lubbock,27,27,0
2023,Dallas,3-Arlington,3086,2924,162
2023,Dawson,9-Midland,50,47,3
2023,DeWitt,8-San Antonio,55,49,6
2023,Deaf Smith,1-Lubbock,53,51,2
2023,Delta,4-Tyler,16,13,3
2023,Denton,3-Arlington,974,909,65
2023,Dickens,1-Lubbock,4,4,0
2023,Dimmit,8-San Antonio,61,57,4
2023,Donley,1-Lubbock,13,13,0
2023,Duval,11-Edinburg,24,23,1
2023,Eastland,2-Abilene,35,34,1
2023,Ector,9-Midland,519,481,38
2023,Edwards,8-San Antonio,4,4,0
2023,El Paso,10-El Paso,917,895,22
2023,Ellis,3-Arlington,220,208,12
2023,Erath,3-Arlington,45,44,1
2023,Falls,7-Austin,43,43,0
2023,Fannin,3-Arlington,95,90,5
2023,Fayette,7-Austin,79,70,9
2023,Fisher,2-Abilene,6,5,1
2023,Floyd,1-Lubbock,20,20,0
2023,Foard,2-Abilene,2,2,0
2023,Fort Bend,6-Houston,301,286,15
2023,Franklin,4-Tyler,26,22,4
2023,Freestone,7-Austin,37,33,4
2023,Frio,8-San Antonio,181,162,19
2023,Gaines,9-Midland,44,42,2
2023,Galveston,6-Houston,522,510,12
2023,Garza,1-Lubbock,7,6,1
2023,Gillespie,8-San Antonio,48,39,9
2023,Goliad,8-San Antonio,5,5,0
2023,Gonzales,8-San Antonio,59,55,4
2023,Gray,1-Lubbock,98,87,11
2023,Grayson,3-Arlington,314,290,24
2023,Gregg,4-Tyler,408,380,29
2023,Grimes,7-Austin,54,52,2
2023,Guadalupe,8-San Antonio,301,281,20
2023,Hale,1-Lubbock,110,107,3
2023,Hall,1-Lubbock,7,7,0
2023,Hamilton,7-Austin,19,19,0
2023,Hansford,1-Lubbock,7,7,0
2023,Hardeman,2-Abilene,5,5,0
2023,Hardin,5-Beaumont,88,81,7
2023,Harris,6-Houston,7655,7123,532
2023,Harrison,4-Tyler,131,120,11
2023,Hartley,1-Lubbock,5,5,0
2023,Haskell,2-Abilene,25,25,0
2023,Hays,7-Austin,480,453,27
2023,Hemphill,1-Lubbock,9,9,0
2023,Henderson,4-Tyler,303,266,37
2023,Hidalgo,11-Edinburg,223,223,0
2023,Hill,7-Austin,127,120,7
2023,Hockley,1-Lubbock,126,123,3
2023,Hood,3-Arlington,123,116,7
2023,Hopkins,4-Tyler,138,126,12
2023,Houston,5-Beaumont,66,66,0
2023,Howard,9-Midland,118,112,6
2023,Hudspeth,10-El Paso,1,1,0
2023,Hunt,3-Arlington,476,439,37
2023,Hutchinson,1-Lubbock,50,48,2
2023,Irion,9-Midland,3,3,0
2023,Jack,2-Abilene,4,4,0
2023,Jackson,8-San Antonio,44,43,1
2023,Jasper,5-Beaumont,140,136,4
2023,Jefferson,5-Beaumont,698,649,49
2023,Jim Hogg,11-Edinburg,7,7,0
2023,Jim Wells,11-Edinburg,83,76,7
2023,Johnson,3-Arlington,421,399,22
2023,Jones,2-Abilene,38,38,0
2023,Karnes,8-San Antonio,64,62,2
2023,Kaufman,3-Arlington,277,255,22
2023,Kendall,8-San Antonio,65,59,6
2023,Kerr,8-San Antonio,242,201,41
2023,Kimble,9-Midland,15,15,0
2023,Kinney,8-San Antonio,9,9,0
2023,Kleberg,11-Edinburg,78,74,4
2023,Knox,2-Abilene,6,6,0
2023,La Salle,8-San Antonio,32,24,8
2023,Lamar,4-Tyler,126,117,9
2023,Lamb,1-Lubbock,34,33,1
2023,Lampasas,7-Austin,76,71,5
2023,Lavaca,8-San Antonio,51,48,3
2023,Lee,7-Austin,39,38,1
2023,Leon,7-Austin,24,22,2
2023,Liberty,6-Houston,201,187,14
2023,Limestone,7-Austin,57,50,7
2023,Lipscomb,1-Lubbock,7,7,0
2023,Live Oak,11-Edinburg,31,30,1
2023,Llano,7-Austin,86,81,5
2023,Lubbock,1-Lubbock,1615,1527,88
2023,Lynn,1-Lubbock,8,8,0
2023,Madison,7-Austin,35,33,2
2023,Marion,4-Tyler,23,23,0
2023,Martin,9-Midland,1,1,0
2023,Mason,9-Midland,8,8,0
2023,Matagorda,6-Houston,39,38,1
2023,Maverick,8-San Antonio,26,24,2
2023,McCulloch,9-Midland,52,50,2
2023,McLennan,7-Austin,1210,1162,48
2023,Medina,8-San Antonio,286,259,27
2023,Menard,9-Midland,13,13,0
2023,Midland,9-Midland,275,257,18
2023,Milam,7-Austin,145,128,17
2023,Mills,7-Austin,18,18,0
2023,Mitchell,2-Abilene,4,4,0
2023,Montague,2-Abilene,67,65,2
2023,Montgomery,6-Houston,916,829,88
2023,Moore,1-Lubbock,36,30,6
2023,Morris,4-Tyler,22,21,1
2023,Motley,1-Lubbock,2,1,1
2023,Nacogdoches,5-Beaumont,250,228,22
2023,Navarro,3-Arlington,159,149,10
2023,Newton,5-Beaumont,27,24,3
2023,Nolan,2-Abilene,32,32,0
2023,None Specified,None Specified,20,20,0
2023,Nueces,11-Edinburg,651,613,38
2023,Ochiltree,1-Lubbock,9,9,0
2023,Orange,5-Beaumont,288,265,23
2023,Palo Pinto,3-Arlington,182,172,10
2023,Panola,4-Tyler,29,28,1
2023,Parker,3-Arlington,277,268,9
2023,Parmer,1-Lubbock,17,16,1
2023,Pecos,9-Midland,18,16,2
2023,Polk,5-Beaumont,99,87,12
2023,Potter,1-Lubbock,525,507,18
2023,Presidio,10-El Paso,1,1,0
2023,Rains,4-Tyler,40,39,1
2023,Randall,1-Lubbock,440,411,29
2023,Reagan,9-Midland,11,11,0
2023,Real,8-San Antonio,15,13,2
2023,Red River,4-Tyler,26,24,2
2023,Reeves,9-Midland,9,9,0
2023,Refugio,11-Edinburg,8,8,0
2023,Robertson,7-Austin,52,49,3
2023,Rockwall,3-Arlington,104,96,8
2023,Runnels,2-Abilene,26,25,1
2023,Rusk,4-Tyler,88,84,4
2023,Sabine,5-Beaumont,31,27,4
2023,San Augustine,5-Beaumont,11,10,1
2023,San Jacinto,5-Beaumont,27,26,1
2023,San Patricio,11-Edinburg,168,152,16
2023,San Saba,7-Austin,35,34,1
2023,Schleicher,9-Midland,4,4,0
2023,Scurry,2-Abilene,34,33,1
2023,Shackelford,2-Abilene,4,4,0
2023,Shelby,5-Beaumont,50,47,3
2023,Sherman,1-Lubbock,6,6,0
2023,Smith,4-Tyler,609,530,79
2023,Somervell,3-Arlington,16,13,3
2023,Starr,11-Edinburg,16,15,1
2023,Stephens,2-Abilene,16,16,0
2023,Stonewall,2-Abilene,4,4,0
2023,Sutton,9-Midland,10,10,0
2023,Swisher,1-Lubbock,30,28,2
2023,Tarrant,3-Arlington,2821,2643,178
2023,Taylor,2-Abilene,415,399,16
2023,Terry,1-Lubbock,43,41,2
2023,Throckmorton,2-Abilene,1,1,0
2023,Titus,4-Tyler,65,61,4
2023,Tom Green,9-Midland,595,576,19
2023,Travis,7-Austin,2546,2273,273
2023,Trinity,5-Beaumont,41,39,2
2023,Tyler,5-Beaumont,35,33,2
2023,Upshur,4-Tyler,119,111,8
2023,Upton,9-Midland,7,7,0
2023,Uvalde,8-San Antonio,122,110,12
2023,Val Verde,8-San Antonio,84,80,4
2023,Van Zandt,4-Tyler,231,210,21
2023,Victoria,8-San Antonio,242,222,20
2023,Walker,6-Houston,44,43,1
2023,Waller,6-Houston,85,84,1
2023,Ward,9-Midland,28,28,0
2023,Washington,7-Austin,49,48,1
2023,Webb,11-Edinburg,338,323,15
2023,Wharton,6-Houston,67,60,7
2023,Wheeler,1-Lubbock,10,10,0
2023,Wichita,2-Abilene,396,385,11
2023,Wilbarger,2-Abilene,27,26,1
2023,Willacy,11-Edinburg,39,33,6
2023,Williamson,7-Austin,784,725,60
2023,Wilson,8-San Antonio,128,108,20
2023,Winkler,9-Midland,16,14,2
2023,Wise,3-Arlington,112,112,0
2023,Wood,4-Tyler,112,96,16
2023,Yoakum,1-Lubbock,7,7,0
2023,Young,2-Abilene,67,66,1
2023,Zapata,11-Edinburg,6,6,0
2023,Zavala,8-San Antonio,55,50,5
2022,Anderson,4-Tyler,140,126,14
2022,Andrews,9-Midland,45,43,2
2022,Angelina,5-Beaumont,236,227,9
2022,Aransas,11-Edinburg,146,145,1
2022,Archer,2-Abilene,5,5,0
2022,Armstrong,1-Lubbock,1,1,0
2022,Atascosa,8-San Antonio,381,347,34
2022,Austin,6-Houston,24,24,0
2022,Bailey,1-Lubbock,21,21,0
2022,Bandera,8-San Antonio,100,93,7
2022,Bastrop,7-Austin,320,266,54
2022,Baylor,2-Abilene,1,1,0
2022,Bee,11-Edinburg,84,80,4
2022,Bell,7-Austin,1201,1058,143
2022,Bexar,8-San Antonio,9946,8977,969
2022,Blanco,7-Austin,27,24,3
2022,Bosque,7-Austin,75,70,5
2022,Bowie,4-Tyler,142,127,15
2022,Brazoria,6-Houston,264,249,15
2022,Brazos,7-Austin,316,289,27
2022,Brewster,10-El Paso,11,11,0
2022,Briscoe,1-Lubbock,4,4,0
2022,Brooks,11-Edinburg,15,15,0
2022,Brown,2-Abilene,269,257,12
2022,Burleson,7-Austin,55,49,6
2022,Burnet,7-Austin,218,185,33
2022,Caldwell,7-Austin,196,186,10
2022,Calhoun,8-San Antonio,27,26,1
2022,Callahan,2-Abilene,32,32,0
2022,Cameron,11-Edinburg,276,268,8
2022,Camp,4-Tyler,45,38,7
2022,Carson,1-Lubbock,19,19,0
2022,Cass,4-Tyler,61,55,6
2022,Castro,1-Lubbock,16,14,2
2022,Chambers,6-Houston,33,29,4
2022,Cherokee,4-Tyler,205,188,17
2022,Childress,1-Lubbock,29,23,6
2022,Clay,2-Abilene,9,8,1
2022,Cochran,1-Lubbock,3,2,1
2022,Coke,9-Midland,10,10,0
2022,Coleman,2-Abilene,25,25,0
2022,Collin,3-Arlington,644,586,58
2022,Collingsworth,1-Lubbock,16,16,0
2022,Colorado,6-Houston,50,48,2
2022,Comal,8-San Antonio,417,374,43
2022,Comanche,2-Abilene,35,35,0
2022,Concho,9-Midland,4,4,0
2022,Cooke,3-Arlington,130,122,8
2022,Coryell,7-Austin,207,192,15
2022,Crane,9-Midland,5,5,0
2022,Crockett,9-Midland,9,9,0
2022,Crosby,1-Lubbock,26,26,0
2022,Culberson,10-El Paso,5,5,0
2022,Dallam,1-Lubbock,26,26,0
2022,Dallas,3-Arlington,3197,3009,189
2022,Dawson,9-Midland,52,49,3
2022,DeWitt,8-San Antonio,62,56,6
2022,Deaf Smith,1-Lubbock,61,59,2
2022,Delta,4-Tyler,16,13,3
2022,Denton,3-Arlington,935,864,71
2022,Dickens,1-Lubbock,4,4,0
2022,Dimmit,8-San Antonio,64,60,4
2022,Donley,1-Lubbock,16,16,0
2022,Duval,11-Edinburg,24,23,1
2022,Eastland,2-Abilene,33,32,1
2022,Ector,9-Midland,518,477,41
2022,Edwards,8-San Antonio,5,5,0
2022,El Paso,10-El Paso,935,909,26
2022,Ellis,3-Arlington,197,182,15
2022,Erath,3-Arlington,48,47,1
2022,Falls,7-Austin,40,40,0
2022,Fannin,3-Arlington,102,94,8
2022,Fayette,7-Austin,76,64,12
2022,Fisher,2-Abilene,6,5,1
2022,Floyd,1-Lubbock,22,21,1
2022,Foard,2-Abilene,2,2,0
2022,Fort Bend,6-Houston,300,282,18
2022,Franklin,4-Tyler,23,19,4
2022,Freestone,7-Austin,33,29,4
2022,Frio,8-San Antonio,185,165,20
2022,Gaines,9-Midland,43,40,3
2022,Galveston,6-Houston,528,511,17
2022,Garza,1-Lubbock,10,9,1
2022,Gillespie,8-San Antonio,54,44,10
2022,Goliad,8-San Antonio,4,4,0
2022,Gonzales,8-San Antonio,66,62,4
2022,Gray,1-Lubbock,94,81,13
2022,Grayson,3-Arlington,307,279,28
2022,Gregg,4-Tyler,422,387,35
2022,Grimes,7-Austin,53,50,3
2022,Guadalupe,8-San Antonio,312,291,21
2022,Hale,1-Lubbock,117,114,3
2022,Hall,1-Lubbock,9,9,0
2022,Hamilton,7-Austin,16,16,0
2022,Hansford,1-Lubbock,7,7,0
2022,Hardeman,2-Abilene,3,3,0
2022,Hardin,5-Beaumont,90,82,8
2022,Harris,6-Houston,8061,7462,599
2022,Harrison,4-Tyler,124,113,11
2022,Hartley,1-Lubbock,7,7,0
2022,Haskell,2-Abilene,24,24,0
2022,Hays,7-Austin,411,384,27
2022,Hemphill,1-Lubbock,9,9,0
2022,Henderson,4-Tyler,302,265,37
2022,Hidalgo,11-Edinburg,208,208,0
2022,Hill,7-Austin,123,112,11
2022,Hockley,1-Lubbock,126,121,5
2022,Hood,3-Arlington,116,108,8
2022,Hopkins,4-Tyler,137,125,12
2022,Houston,5-Beaumont,61,61,0
2022,Howard,9-Midland,115,109,6
2022,Hudspeth,10-El Paso,1,1,0
2022,Hunt,3-Arlington,483,443,40
2022,Hutchinson,1-Lubbock,53,51,2
2022,Irion,9-Midland,3,3,0
2022,Jack,2-Abilene,3,3,0
2022,Jackson,8-San Antonio,45,44,1
2022,Jasper,5-Beaumont,125,121,4
2022,Jefferson,5-Beaumont,663,610,53
2022,Jim Hogg,11-Edinburg,6,6,0
2022,Jim Wells,11-Edinburg,86,79,7
2022,Johnson,3-Arlington,429,404,25
2022,Jones,2-Abilene,29,29,0
2022,Karnes,8-San Antonio,62,60,2
2022,Kaufman,3-Arlington,267,238,29
2022,Kendall,8-San Antonio,70,63,7
2022,Kerr,8-San Antonio,262,222,40
2022,Kimble,9-Midland,17,16,1
2022,Kinney,8-San Antonio,8,8,0
2022,Kleberg,11-Edinburg,72,67,5
2022,Knox,2-Abilene,6,6,0
2022,La Salle,8-San Antonio,35,27,8
2022,Lamar,4-Tyler,121,111,10
2022,Lamb,1-Lubbock,35,34,1
2022,Lampasas,7-Austin,74,69,5
2022,Lavaca,8-San Antonio,52,49,3
2022,Lee,7-Austin,37,36,1
2022,Leon,7-Austin,25,23,2
2022,Liberty,6-Houston,209,191,18
2022,Limestone,7-Austin,61,54,7
2022,Lipscomb,1-Lubbock,7,7,0
2022,Live Oak,11-Edinburg,33,32,1
2022,Llano,7-Austin,84,78,7
2022,Lubbock,1-Lubbock,1667,1567,100
2022,Lynn,1-Lubbock,8,8,0
2022,Madison,7-Austin,30,28,2
2022,Marion,4-Tyler,19,19,0
2022,Martin,9-Midland,1,1,0
2022,Mason,9-Midland,9,9,0
2022,Matagorda,6-Houston,41,40,1
2022,Maverick,8-San Antonio,24,22,2
2022,McCulloch,9-Midland,42,40,2
2022,McLennan,7-Austin,1213,1161,52
2022,Medina,8-San Antonio,290,260,30
2022,Menard,9-Midland,11,11,0
2022,Midland,9-Midland,266,245,21
2022,Milam,7-Austin,133,115,18
2022,Mills,7-Austin,12,12,0
2022,Mitchell,2-Abilene,3,3,0
2022,Montague,2-Abilene,57,54,3
2022,Montgomery,6-Houston,929,830,99
2022,Moore,1-Lubbock,31,25,6
2022,Morris,4-Tyler,22,21,1
2022,Motley,1-Lubbock,2,1,1
2022,Nacogdoches,5-Beaumont,243,217,26
2022,Navarro,3-Arlington,171,158,13
2022,Newton,5-Beaumont,26,23,3
2022,Nolan,2-Abilene,34,34,0
2022,None Specified,None Specified,17,17,0
2022,Nueces,11-Edinburg,624,584,40
2022,Ochiltree,1-Lubbock,9,9,0
2022,Orange,5-Beaumont,279,254,25
2022,Palo Pinto,3-Arlington,175,165,10
2022,Panola,4-Tyler,25,24,1
2022,Parker,3-Arlington,275,263,12
2022,Parmer,1-Lubbock,18,17,1
2022,Pecos,9-Midland,27,25,2
2022,Polk,5-Beaumont,92,80,12
2022,Potter,1-Lubbock,529,510,19
2022,Presidio,10-El Paso,1,1,0
2022,Rains,4-Tyler,40,39,1
2022,Randall,1-Lubbock,437,405,32
2022,Reagan,9-Midland,12,12,0
2022,Real,8-San Antonio,15,13,2
2022,Red River,4-Tyler,27,25,2
2022,Reeves,9-Midland,17,17,0
2022,Refugio,11-Edinburg,8,8,0
2022,Robertson,7-Austin,51,48,3
2022,Rockwall,3-Arlington,102,94,8
2022,Runnels,2-Abilene,26,25,1
2022,Rusk,4-Tyler,86,83,3
2022,Sabine,5-Beaumont,26,22,4
2022,San Augustine,5-Beaumont,11,10,1
2022,San Jacinto,5-Beaumont,27,26,1
2022,San Patricio,11-Edinburg,168,151,17
2022,San Saba,7-Austin,37,36,1
2022,Schleicher,9-Midland,4,4,0
2022,Scurry,2-Abilene,31,30,1
2022,Shackelford,2-Abilene,4,4,0
2022,Shelby,5-Beaumont,48,45,3
2022,Sherman,1-Lubbock,7,6,1
2022,Smith,4-Tyler,583,498,85
2022,Somervell,3-Arlington,15,12,3
2022,Starr,11-Edinburg,19,18,1
2022,Stephens,2-Abilene,14,14,0
2022,Stonewall,2-Abilene,4,4,0
2022,Sutton,9-Midland,8,8,0
2022,Swisher,1-Lubbock,33,31,2
2022,Tarrant,3-Arlington,2821,2618,203
2022,Taylor,2-Abilene,388,369,19
2022,Terry,1-Lubbock,47,43,4
2022,Titus,4-Tyler,69,64,5
2022,Tom Green,9-Midland,586,567,19
2022,Travis,7-Austin,2602,2311,291
2022,Trinity,5-Beaumont,36,34,2
2022,Tyler,5-Beaumont,33,31,2
2022,Upshur,4-Tyler,118,109,9
2022,Upton,9-Midland,7,7,0
2022,Uvalde,8-San Antonio,127,113,14
2022,Val Verde,8-San Antonio,77,73,4
2022,Van Zandt,4-Tyler,220,199,21
2022,Victoria,8-San Antonio,264,240,24
2022,Walker,6-Houston,52,51,1
2022,Waller,6-Houston,86,84,2
2022,Ward,9-Midland,24,24,0
2022,Washington,7-Austin,52,50,2
2022,Webb,11-Edinburg,345,329,16
2022,Wharton,6-Houston,65,57,8
2022,Wheeler,1-Lubbock,10,10,0
2022,Wichita,2-Abilene,362,349,13
2022,Wilbarger,2-Abilene,24,23,1
2022,Willacy,11-Edinburg,39,33,6
2022,Williamson,7-Austin,778,711,67
2022,Wilson,8-San Antonio,129,105,24
2022,Winkler,9-Midland,22,20,2
2022,Wise,3-Arlington,113,112,2
2022,Wood,4-Tyler,118,100,18
2022,Yoakum,1-Lubbock,9,9,0
2022,Young,2-Abilene,62,61,1
2022,Zapata,11-Edinburg,6,6,0
2022,Zavala,8-San Antonio,55,50,5
2021,Anderson,4-Tyler,113,97,16
2021,Andrews,9-Midland,38,36,2
2021,Angelina,5-Beaumont,222,213,9
2021,Aransas,11-Edinburg,136,135,1
2021,Archer,2-Abilene,2,2,0
2021,Armstrong,1-Lubbock,1,1,0
2021,Atascosa,8-San Antonio,380,341,39
2021,Austin,6-Houston,25,24,1
2021,Bailey,1-Lubbock,21,21,0
2021,Bandera,8-San Antonio,100,92,8
2021,Bastrop,7-Austin,317,260,57
2021,Baylor,2-Abilene,2,1,1
2021,Bee,11-Edinburg,85,81,4
2021,Bell,7-Austin,1132,979,153
2021,Bexar,8-San Antonio,10065,9031,1034
2021,Blanco,7-Austin,27,24,3
2021,Bosque,7-Austin,74,68,6
2021,Bowie,4-Tyler,152,134,18
2021,Brazoria,6-Houston,260,239,21
2021,Brazos,7-Austin,312,284,28
2021,Brewster,10-El Paso,11,11,0
2021,Briscoe,1-Lubbock,1,1,0
2021,Brooks,11-Edinburg,15,15,0
2021,Brown,2-Abilene,262,248,14
2021,Burleson,7-Austin,51,45,6
2021,Burnet,7-Austin,217,182,35
2021,Caldwell,7-Austin,186,175,11
2021,Calhoun,8-San Antonio,22,21,1
2021,Callahan,2-Abilene,29,29,0
2021,Cameron,11-Edinburg,258,250,8
2021,Camp,4-Tyler,46,37,9
2021,Carson,1-Lubbock,21,21,0
2021,Cass,4-Tyler,60,52,8
2021,Castro,1-Lubbock,18,16,2
2021,Chambers,6-Houston,32,28,4
2021,Cherokee,4-Tyler,201,184,17
2021,Childress,1-Lubbock,30,24,6
2021,Clay,2-Abilene,10,8,2
2021,Cochran,1-Lubbock,4,2,2
2021,Coke,9-Midland,13,13,0
2021,Coleman,2-Abilene,26,26,0
2021,Collin,3-Arlington,636,572,64
2021,Collingsworth,1-Lubbock,16,16,0
2021,Colorado,6-Houston,47,45,2
2021,Comal,8-San Antonio,401,357,44
2021,Comanche,2-Abilene,33,33,0
2021,Concho,9-Midland,4,4,0
2021,Cooke,3-Arlington,133,122,11
2021,Coryell,7-Austin,187,172,15
2021,Crane,9-Midland,4,4,0
2021,Crockett,9-Midland,8,8,0
2021,Crosby,1-Lubbock,28,28,0
2021,Culberson,10-El Paso,5,5,0
2021,Dallam,1-Lubbock,19,19,0
2021,Dallas,3-Arlington,3276,3063,213
2021,Dawson,9-Midland,51,48,3
2021,DeWitt,8-San Antonio,61,55,6
2021,Deaf Smith,1-Lubbock,59,57,2
2021,Delta,4-Tyler,19,16,3
2021,Denton,3-Arlington,907,823,84
2021,Dickens,1-Lubbock,4,4,0
2021,Dimmit,8-San Antonio,62,58,4
2021,Donley,1-Lubbock,19,19,0
2021,Duval,11-Edinburg,15,14,1
2021,Eastland,2-Abilene,31,29,2
2021,Ector,9-Midland,490,449,41
2021,Edwards,8-San Antonio,5,5,0
2021,El Paso,10-El Paso,961,932,29
2021,Ellis,3-Arlington,196,180,16
2021,Erath,3-Arlington,46,45,1
2021,Falls,7-Austin,42,42,0
2021,Fannin,3-Arlington,97,88,9
2021,Fayette,7-Austin,77,65,12
2021,Fisher,2-Abilene,6,5,1
2021,Floyd,1-Lubbock,25,24,1
2021,Foard,2-Abilene,2,2,0
2021,Fort Bend,6-Houston,298,274,24
2021,Franklin,4-Tyler,21,17,4
2021,Freestone,7-Austin,35,31,4
2021,Frio,8-San Antonio,181,160,21
2021,Gaines,9-Midland,42,39,3
2021,Galveston,6-Houston,512,491,21
2021,Garza,1-Lubbock,9,8,1
2021,Gillespie,8-San Antonio,54,43,11
2021,Goliad,8-San Antonio,5,5,0
2021,Gonzales,8-San Antonio,70,66,4
2021,Gray,1-Lubbock,99,86,13
2021,Grayson,3-Arlington,311,281,30
2021,Gregg,4-Tyler,410,371,39
2021,Grimes,7-Austin,54,51,3
2021,Guadalupe,8-San Antonio,319,298,21
2021,Hale,1-Lubbock,115,111,4
2021,Hall,1-Lubbock,8,7,1
2021,Hamilton,7-Austin,16,16,0
2021,Hansford,1-Lubbock,9,9,0
2021,Hardeman,2-Abilene,3,3,0
2021,Hardin,5-Beaumont,81,72,9
2021,Harris,6-Houston,8406,7737,671
2021,Harrison,4-Tyler,130,115,15
2021,Hartley,1-Lubbock,7,7,0
2021,Haskell,2-Abilene,24,24,0
2021,Hays,7-Austin,388,359,29
2021,Hemphill,1-Lubbock,10,10,0
2021,Henderson,4-Tyler,283,245,38
2021,Hidalgo,11-Edinburg,196,196,0
2021,Hill,7-Austin,124,111,14
2021,Hockley,1-Lubbock,127,121,6
2021,Hood,3-Arlington,110,102,8
2021,Hopkins,4-Tyler,131,119,12
2021,Houston,5-Beaumont,58,58,0
2021,Howard,9-Midland,112,106,6
2021,Hudspeth,10-El Paso,1,1,0
2021,Hunt,3-Arlington,472,430,42
2021,Hutchinson,1-Lubbock,54,52,2
2021,Jack,2-Abilene,5,5,0
2021,Jackson,8-San Antonio,37,36,1
2021,Jasper,5-Beaumont,117,111,6
2021,Jefferson,5-Beaumont,642,586,56
2021,Jim Hogg,11-Edinburg,6,6,0
2021,Jim Wells,11-Edinburg,87,80,7
2021,Johnson,3-Arlington,434,408,26
2021,Jones,2-Abilene,29,29,0
2021,Karnes,8-San Antonio,58,57,1
2021,Kaufman,3-Arlington,270,239,31
2021,Kendall,8-San Antonio,67,59,8
2021,Kerr,8-San Antonio,263,222,41
2021,Kimble,9-Midland,15,14,1
2021,Kinney,8-San Antonio,7,7,0
2021,Kleberg,11-Edinburg,74,69,5
2021,Knox,2-Abilene,3,3,0
2021,La Salle,8-San Antonio,34,26,8
2021,Lamar,4-Tyler,99,88,11
2021,Lamb,1-Lubbock,40,39,1
2021,Lampasas,7-Austin,65,60,5
2021,Lavaca,8-San Antonio,55,52,3
2021,Lee,7-Austin,32,31,1
2021,Leon,7-Austin,26,24,2
2021,Liberty,6-Houston,213,193,20
2021,Limestone,7-Austin,61,53,8
2021,Lipscomb,1-Lubbock,9,9,0
2021,Live Oak,11-Edinburg,33,32,1
2021,Llano,7-Austin,77,70,7
2021,Lubbock,1-Lubbock,1719,1610,109
2021,Lynn,1-Lubbock,9,9,0
2021,Madison,7-Austin,29,27,2
2021,Marion,4-Tyler,16,16,0
2021,Mason,9-Midland,10,10,0
2021,Matagorda,6-Houston,48,47,1
2021,Maverick,8-San Antonio,25,23,2
2021,McCulloch,9-Midland,36,34,2
2021,McLennan,7-Austin,1147,1087,60
2021,Medina,8-San Antonio,300,267,33
2021,Menard,9-Midland,9,9,0
2021,Midland,9-Midland,270,246,24
2021,Milam,7-Austin,130,111,19
2021,Mills,7-Austin,13,13,0
2021,Mitchell,2-Abilene,3,3,0
2021,Montague,2-Abilene,53,49,4
2021,Montgomery,6-Houston,954,844,110
2021,Moore,1-Lubbock,27,21,6
2021,Morris,4-Tyler,22,21,1
2021,Motley,1-Lubbock,2,1,1
2021,Nacogdoches,5-Beaumont,218,193,25
2021,Navarro,3-Arlington,167,153,14
2021,Newton,5-Beaumont,26,23,3
2021,Nolan,2-Abilene,39,39,0
2021,None Specified,None Specified,22,20,2
2021,Nueces,11-Edinburg,610,564,46
2021,Ochiltree,1-Lubbock,7,7,0
2021,Oldham,1-Lubbock,4,4,0
2021,Orange,5-Beaumont,250,225,25
2021,Palo Pinto,3-Arlington,163,154,9
2021,Panola,4-Tyler,24,23,1
2021,Parker,3-Arlington,251,238,13
2021,Parmer,1-Lubbock,20,18,2
2021,Pecos,9-Midland,19,17,2
2021,Polk,5-Beaumont,102,89,13
2021,Potter,1-Lubbock,504,484,20
2021,Presidio,10-El Paso,1,1,0
2021,Rains,4-Tyler,35,33,2
2021,Randall,1-Lubbock,449,413,36
2021,Reagan,9-Midland,10,10,0
2021,Real,8-San Antonio,15,13,2
2021,Red River,4-Tyler,25,23,2
2021,Reeves,9-Midland,13,13,0
2021,Refugio,11-Edinburg,8,8,0
2021,Robertson,7-Austin,53,50,3
2021,Rockwall,3-Arlington,90,81,9
2021,Runnels,2-Abilene,26,25,1
2021,Rusk,4-Tyler,84,79,5
2021,Sabine,5-Beaumont,24,20,4
2021,San Augustine,5-Beaumont,13,12,1
2021,San Jacinto,5-Beaumont,24,23,1
2021,San Patricio,11-Edinburg,172,153,19
2021,San Saba,7-Austin,40,39,1
2021,Schleicher,9-Midland,6,6,0
2021,Scurry,2-Abilene,34,33,1
2021,Shackelford,2-Abilene,4,4,0
2021,Shelby,5-Beaumont,48,45,3
2021,Sherman,1-Lubbock,8,6,2
2021,Smith,4-Tyler,573,484,89
2021,Somervell,3-Arlington,18,15,3
2021,Starr,11-Edinburg,21,20,1
2021,Stephens,2-Abilene,13,13,0
2021,Stonewall,2-Abilene,5,5,0
2021,Sutton,9-Midland,8,8,0
2021,Swisher,1-Lubbock,31,29,2
2021,Tarrant,3-Arlington,2797,2569,228
2021,Taylor,2-Abilene,344,325,19
2021,Terry,1-Lubbock,41,36,5
2021,Titus,4-Tyler,72,66,6
2021,Tom Green,9-Midland,594,571,23
2021,Travis,7-Austin,2603,2277,326
2021,Trinity,5-Beaumont,38,36,2
2021,Tyler,5-Beaumont,28,26,2
2021,Upshur,4-Tyler,100,91,9
2021,Upton,9-Midland,6,6,0
2021,Uvalde,8-San Antonio,141,124,17
2021,Val Verde,8-San Antonio,75,71,4
2021,Van Zandt,4-Tyler,220,197,23
2021,Victoria,8-San Antonio,252,227,25
2021,Walker,6-Houston,53,51,2
2021,Waller,6-Houston,88,86,2
2021,Ward,9-Midland,16,16,0
2021,Washington,7-Austin,51,48,3
2021,Webb,11-Edinburg,350,333,17
2021,Wharton,6-Houston,71,63,8
2021,Wheeler,1-Lubbock,12,12,0
2021,Wichita,2-Abilene,353,337,16
2021,Wilbarger,2-Abilene,20,19,1
2021,Willacy,11-Edinburg,41,35,6
2021,Williamson,7-Austin,774,699,75
2021,Wilson,8-San Antonio,127,103,24
2021,Winkler,9-Midland,24,21,3
2021,Wise,3-Arlington,107,104,3
2021,Wood,4-Tyler,118,99,19
2021,Yoakum,1-Lubbock,10,9,1
2021,Young,2-Abilene,60,58,2
2021,Zapata,11-Edinburg,6,6,0
2021,Zavala,8-San Antonio,57,52,5
2020,Anderson,4-Tyler,107,90,17
2020,Andrews,9-Midland,32,30,2
2020,Angelina,5-Beaumont,196,183,13
2020,Aransas,11-Edinburg,124,122,2
2020,Archer,2-Abilene,3,3,0
2020,Armstrong,1-Lubbock,1,1,0
2020,Atascosa,8-San Antonio,367,326,41
2020,Austin,6-Houston,25,23,2
2020,Bailey,1-Lubbock,17,17,0
2020,Bandera,8-San Antonio,96,88,8
2020,Bastrop,7-Austin,323,263,60
2020,Baylor,2-Abilene,5,4,1
2020,Bee,11-Edinburg,76,72,4
2020,Bell,7-Austin,1077,918,159
2020,Bexar,8-San Antonio,10133,9026,1107
2020,Blanco,7-Austin,29,26,3
2020,Bosque,7-Austin,63,57,6
2020,Bowie,4-Tyler,161,139,22
2020,Brazoria,6-Houston,258,231,27
2020,Brazos,7-Austin,301,271,30
2020,Brewster,10-El Paso,10,10,0
2020,Brooks,11-Edinburg,17,17,0
2020,Brown,2-Abilene,269,251,18
2020,Burleson,7-Austin,52,46,6
2020,Burnet,7-Austin,228,191,37
2020,Caldwell,7-Austin,183,172,11
2020,Calhoun,8-San Antonio,25,23,2
2020,Callahan,2-Abilene,24,24,0
2020,Cameron,11-Edinburg,249,239,10
2020,Camp,4-Tyler,41,32,9
2020,Carson,1-Lubbock,19,19,0
2020,Cass,4-Tyler,58,49,9
2020,Castro,1-Lubbock,16,14,2
2020,Chambers,6-Houston,31,27,4
2020,Cherokee,4-Tyler,190,172,18
2020,Childress,1-Lubbock,28,22,6
2020,Clay,2-Abilene,9,7,2
2020,Cochran,1-Lubbock,6,4,2
2020,Coke,9-Midland,10,10,0
2020,Coleman,2-Abilene,28,27,1
2020,Collin,3-Arlington,627,553,74
2020,Collingsworth,1-Lubbock,18,17,1
2020,Colorado,6-Houston,54,50,4
2020,Comal,8-San Antonio,395,350,46
2020,Comanche,2-Abilene,28,28,0
2020,Concho,9-Midland,5,5,0
2020,Cooke,3-Arlington,132,121,11
2020,Coryell,7-Austin,144,129,15
2020,Crane,9-Midland,4,4,0
2020,Crockett,9-Midland,8,8,0
2020,Crosby,1-Lubbock,33,33,0
2020,Culberson,10-El Paso,3,3,0
2020,Dallam,1-Lubbock,24,23,1
2020,Dallas,3-Arlington,3358,3097,261
2020,Dawson,9-Midland,48,45,3
2020,DeWitt,8-San Antonio,61,55,6
2020,Deaf Smith,1-Lubbock,62,60,2
2020,Delta,4-Tyler,19,16,3
2020,Denton,3-Arlington,887,782,105
2020,Dickens,1-Lubbock,5,5,0
2020,Dimmit,8-San Antonio,62,58,4
2020,Donley,1-Lubbock,18,18,0
2020,Duval,11-Edinburg,15,14,1
2020,Eastland,2-Abilene,28,26,2
2020,Ector,9-Midland,439,395,44
2020,Edwards,8-San Antonio,6,6,0
2020,El Paso,10-El Paso,1001,958,43
2020,Ellis,3-Arlington,193,175,18
2020,Erath,3-Arlington,46,45,1
2020,Falls,7-Austin,29,29,0
2020,Fannin,3-Arlington,81,71,10
2020,Fayette,7-Austin,79,67,12
2020,Fisher,2-Abilene,6,5,1
2020,Floyd,1-Lubbock,28,27,1
2020,Foard,2-Abilene,2,2,0
2020,Fort Bend,6-Houston,283,254,29
2020,Franklin,4-Tyler,19,15,4
2020,Freestone,7-Austin,34,30,4
2020,Frio,8-San Antonio,170,149,21
2020,Gaines,9-Midland,31,27,4
2020,Galveston,6-Houston,516,489,27
2020,Garza,1-Lubbock,9,8,1
2020,Gillespie,8-San Antonio,57,45,12
2020,Goliad,8-San Antonio,5,5,0
2020,Gonzales,8-San Antonio,73,69,4
2020,Gray,1-Lubbock,103,90,13
2020,Grayson,3-Arlington,305,271,34
2020,Gregg,4-Tyler,400,353,47
2020,Grimes,7-Austin,53,50,3
2020,Guadalupe,8-San Antonio,321,297,24
2020,Hale,1-Lubbock,112,108,4
2020,Hall,1-Lubbock,10,9,1
2020,Hamilton,7-Austin,17,17,0
2020,Hansford,1-Lubbock,10,10,0
2020,Hardeman,2-Abilene,3,3,0
2020,Hardin,5-Beaumont,75,64,11
2020,Harris,6-Houston,8716,7959,758
2020,Harrison,4-Tyler,118,99,19
2020,Hartley,1-Lubbock,9,8,1
2020,Haskell,2-Abilene,21,21,0
2020,Hays,7-Austin,378,346,32
2020,Hemphill,1-Lubbock,10,10,0
2020,Henderson,4-Tyler,276,236,40
2020,Hidalgo,11-Edinburg,173,173,0
2020,Hill,7-Austin,118,102,16
2020,Hockley,1-Lubbock,130,120,10
2020,Hood,3-Arlington,111,100,11
2020,Hopkins,4-Tyler,128,114,14
2020,Houston,5-Beaumont,57,56,1
2020,Howard,9-Midland,118,112,6
2020,Hudspeth,10-El Paso,1,1,0
2020,Hunt,3-Arlington,480,436,44
2020,Hutchinson,1-Lubbock,54,51,3
2020,Jack,2-Abilene,3,3,0
2020,Jackson,8-San Antonio,34,33,1
2020,Jasper,5-Beaumont,111,105,6
2020,Jefferson,5-Beaumont,632,569,63
2020,Jim Hogg,11-Edinburg,9,9,0
2020,Jim Wells,11-Edinburg,84,76,8
2020,Johnson,3-Arlington,438,408,30
2020,Jones,2-Abilene,28,28,0
2020,Karnes,8-San Antonio,57,57,0
2020,Kaufman,3-Arlington,262,230,32
2020,Kendall,8-San Antonio,68,60,8
2020,Kerr,8-San Antonio,270,227,43
2020,Kimble,9-Midland,19,18,1
2020,Kinney,8-San Antonio,3,3,0
2020,Kleberg,11-Edinburg,80,75,5
2020,Knox,2-Abilene,3,3,0
2020,La Salle,8-San Antonio,33,25,8
2020,Lamar,4-Tyler,86,75,11
2020,Lamb,1-Lubbock,44,42,2
2020,Lampasas,7-Austin,60,55,5
2020,Lavaca,8-San Antonio,53,50,3
2020,Lee,7-Austin,33,31,2
2020,Leon,7-Austin,24,22,2
2020,Liberty,6-Houston,212,188,24
2020,Limestone,7-Austin,58,50,8
2020,Lipscomb,1-Lubbock,7,7,0
2020,Live Oak,11-Edinburg,33,32,1
2020,Llano,7-Austin,77,70,7
2020,Lubbock,1-Lubbock,1726,1603,123
2020,Lynn,1-Lubbock,10,10,0
2020,Madison,7-Austin,28,26,2
2020,Marion,4-Tyler,14,13,1
2020,Mason,9-Midland,3,3,0
2020,Matagorda,6-Houston,51,49,2
2020,Maverick,8-San Antonio,24,22,2
2020,McCulloch,9-Midland,30,28,2
2020,McLennan,7-Austin,1102,1040,62
2020,Medina,8-San Antonio,286,251,35
2020,Menard,9-Midland,7,7,0
2020,Midland,9-Midland,266,242,24
2020,Milam,7-Austin,135,116,19
2020,Mills,7-Austin,11,11,0
2020,Mitchell,2-Abilene,4,3,1
2020,Montague,2-Abilene,55,50,5
2020,Montgomery,6-Houston,984,855,129
2020,Moore,1-Lubbock,30,23,7
2020,Morris,4-Tyler,17,16,1
2020,Motley,1-Lubbock,2,1,1
2020,Nacogdoches,5-Beaumont,217,191,26
2020,Navarro,3-Arlington,163,146,17
2020,Newton,5-Beaumont,28,25,3
2020,Nolan,2-Abilene,36,36,0
2020,None Specified,None Specified,29,27,2
2020,Nueces,11-Edinburg,624,574,50
2020,Ochiltree,1-Lubbock,7,7,0
2020,Oldham,1-Lubbock,2,2,0
2020,Orange,5-Beaumont,221,192,29
2020,Palo Pinto,3-Arlington,164,154,10
2020,Panola,4-Tyler,23,22,1
2020,Parker,3-Arlington,257,243,14
2020,Parmer,1-Lubbock,19,17,2
2020,Pecos,9-Midland,20,18,2
2020,Polk,5-Beaumont,95,81,14
2020,Potter,1-Lubbock,477,452,25
2020,Presidio,10-El Paso,3,3,0
2020,Rains,4-Tyler,35,32,3
2020,Randall,1-Lubbock,458,418,40
2020,Reagan,9-Midland,10,10,0
2020,Real,8-San Antonio,15,13,2
2020,Red River,4-Tyler,25,23,2
2020,Reeves,9-Midland,15,15,0
2020,Refugio,11-Edinburg,2,2,0
2020,Robertson,7-Austin,53,50,3
2020,Rockwall,3-Arlington,82,73,9
2020,Runnels,2-Abilene,22,21,1
2020,Rusk,4-Tyler,76,71,5
2020,Sabine,5-Beaumont,24,20,4
2020,San Augustine,5-Beaumont,11,10,1
2020,San Jacinto,5-Beaumont,22,20,2
2020,San Patricio,11-Edinburg,164,142,22
2020,San Saba,7-Austin,33,31,2
2020,Schleicher,9-Midland,6,6,0
2020,Scurry,2-Abilene,30,29,1
2020,Shackelford,2-Abilene,4,4,0
2020,Shelby,5-Beaumont,47,44,3
2020,Sherman,1-Lubbock,10,8,2
2020,Smith,4-Tyler,568,470,98
2020,Somervell,3-Arlington,14,11,3
2020,Starr,11-Edinburg,21,20,1
2020,Stephens,2-Abilene,16,16,0
2020,Stonewall,2-Abilene,5,5,0
2020,Sutton,9-Midland,8,8,0
2020,Swisher,1-Lubbock,30,28,2
2020,Tarrant,3-Arlington,2763,2511,253
2020,Taylor,2-Abilene,320,300,20
2020,Terry,1-Lubbock,44,39,5
2020,Titus,4-Tyler,63,55,8
2020,Tom Green,9-Midland,571,544,27
2020,Travis,7-Austin,2610,2253,357
2020,Trinity,5-Beaumont,37,34,3
2020,Tyler,5-Beaumont,27,24,3
2020,Upshur,4-Tyler,82,73,9
2020,Upton,9-Midland,6,6,0
2020,Uvalde,8-San Antonio,130,111,19
2020,Val Verde,8-San Antonio,62,58,4
2020,Van Zandt,4-Tyler,209,185,24
2020,Victoria,8-San Antonio,230,202,28
2020,Walker,6-Houston,56,54,2
2020,Waller,6-Houston,88,86,2
2020,Ward,9-Midland,11,11,0
2020,Washington,7-Austin,64,61,3
2020,Webb,11-Edinburg,366,345,21
2020,Wharton,6-Houston,75,67,8
2020,Wheeler,1-Lubbock,12,12,0
2020,Wichita,2-Abilene,357,335,22
2020,Wilbarger,2-Abilene,21,20,1
2020,Willacy,11-Edinburg,42,34,8
2020,Williamson,7-Austin,748,667,83
2020,Wilson,8-San Antonio,129,104,25
2020,Winkler,9-Midland,16,13,3
2020,Wise,3-Arlington,100,97,3
2020,Wood,4-Tyler,120,99,21
2020,Yoakum,1-Lubbock,11,10,1
2020,Young,2-Abilene,56,54,2
2020,Zapata,11-Edinburg,6,6,0
2020,Zavala,8-San Antonio,49,44,5
2019,Anderson,4-Tyler,104,84,20
2019,Andrews,9-Midland,31,29,2
2019,Angelina,5-Beaumont,179,162,17
2019,Aransas,11-Edinburg,103,101,2
2019,Archer,2-Abilene,2,2,0
2019,Armstrong,1-Lubbock,4,4,0
2019,Atascosa,8-San Antonio,359,317,42
2019,Austin,6-Houston,28,26,2
2019,Bailey,1-Lubbock,18,18,0
2019,Bandera,8-San Antonio,91,83,8
2019,Bastrop,7-Austin,319,257,62
2019,Baylor,2-Abilene,7,6,1
2019,Bee,11-Edinburg,76,72,4
2019,Bell,7-Austin,1002,839,163
2019,Bexar,8-San Antonio,9932,8750,1184
2019,Blanco,7-Austin,24,21,3
2019,Bosque,7-Austin,61,56,5
2019,Bowie,4-Tyler,170,143,28
2019,Brazoria,6-Houston,237,207,30
2019,Brazos,7-Austin,291,259,32
2019,Brewster,10-El Paso,10,10,0
2019,Brooks,11-Edinburg,17,17,0
2019,Brown,2-Abilene,261,239,22
2019,Burleson,7-Austin,46,42,4
2019,Burnet,7-Austin,220,182,38
2019,Caldwell,7-Austin,186,174,12
2019,Calhoun,8-San Antonio,24,20,4
2019,Callahan,2-Abilene,20,20,0
2019,Cameron,11-Edinburg,251,240,11
2019,Camp,4-Tyler,42,33,9
2019,Carson,1-Lubbock,17,17,0
2019,Cass,4-Tyler,60,49,11
2019,Castro,1-Lubbock,22,20,2
2019,Chambers,6-Houston,33,29,4
2019,Cherokee,4-Tyler,185,167,18
2019,Childress,1-Lubbock,29,23,6
2019,Clay,2-Abilene,15,12,3
2019,Cochran,1-Lubbock,9,7,2
